ECONOMY,CLASS,MEASURE,TERM,202412,202501,202502,202503,202504,202505,202506,202507,202508,202509,202510,202511,202512,202601,202602,202603,202604,202605,202606,202607,202608,202609,202610,202611,202612,202701,202702,202703,202704,202705,202706,202707,202708,202709,202710,202711,202712,202801,202802,202803,202804,202805,202806,202807,202808,202809,202810,202811,202812,202901,202902,202903,202904,202905,202906,202907,202908,202909,202910,202911,202912,203001,203002,203003,203004,203005,203006,203007,203008,203009,203010,203011,203012,203101,203102,203103,203104,203105,203106,203107,203108,203109,203110,203111,203112,203201,203202,203203,203204,203205,203206,203207,203208,203209,203210,203211,203212,203301,203302,203303,203304,203305,203306,203307,203308,203309,203310,203311,203312,203401,203402,203403,203404,203405,203406,203407,203408,203409,203410,203411,203412
CNY,ZCB,PRICE,1,0.989301466,0.989301466,0.989301466,0.989301466,0.989301466,0.989301466,0.989301466,0.989301466,0.989301466,0.989301466,0.989301466,0.989301466,0.989301466,0.989301466,0.989301466,0.989301466,0.989301466,0.989301466,0.989301466,0.989301466,0.989301466,0.989301466,0.989301466,0.989301466,0.989301466,0.989301466,0.989301466,0.989301466,0.989301466,0.989301466,0.989301466,0.989301466,0.989301466,0.989301466,0.989301466,0.989301466,0.989301466,0.989301466,0.989301466,0.989301466,0.989301466,0.989301466,0.989301466,0.989301466,0.989301466,0.989301466,0.989301466,0.989301466,0.989301466,0.989301466,0.989301466,0.989301466,0.989301466,0.989301466,0.989301466,0.989301466,0.989301466,0.989301466,0.989301466,0.989301466,0.989301466,0.989301466,0.989301466,0.989301466,0.989301466,0.989301466,0.989301466,0.989301466,0.989301466,0.989301466,0.989301466,0.989301466,0.989301466,0.989301466,0.989301466,0.989301466,0.989301466,0.989301466,0.989301466,0.989301466,0.989301466,0.989301466,0.989301466,0.989301466,0.989301466,0.989301466,0.989301466,0.989301466,0.989301466,0.989301466,0.989301466,0.989301466,0.989301466,0.989301466,0.989301466,0.989301466,0.989301466,0.989301466,0.989301466,0.989301466,0.989301466,0.989301466,0.989301466,0.989301466,0.989301466,0.989301466,0.989301466,0.989301466,0.989301466,0.989301466,0.989301466,0.989301466,0.989301466,0.989301466,0.989301466,0.989301466,0.989301466,0.989301466,0.989301466,0.989301466,0.989301466
CNY,ZCB,PRICE,2,0.977632934,0.977632934,0.977632934,0.977632934,0.977632934,0.977632934,0.977632934,0.977632934,0.977632934,0.977632934,0.977632934,0.977632934,0.977632934,0.977632934,0.977632934,0.977632934,0.977632934,0.977632934,0.977632934,0.977632934,0.977632934,0.977632934,0.977632934,0.977632934,0.977632934,0.977632934,0.977632934,0.977632934,0.977632934,0.977632934,0.977632934,0.977632934,0.977632934,0.977632934,0.977632934,0.977632934,0.977632934,0.977632934,0.977632934,0.977632934,0.977632934,0.977632934,0.977632934,0.977632934,0.977632934,0.977632934,0.977632934,0.977632934,0.977632934,0.977632934,0.977632934,0.977632934,0.977632934,0.977632934,0.977632934,0.977632934,0.977632934,0.977632934,0.977632934,0.977632934,0.977632934,0.977632934,0.977632934,0.977632934,0.977632934,0.977632934,0.977632934,0.977632934,0.977632934,0.977632934,0.977632934,0.977632934,0.977632934,0.977632934,0.977632934,0.977632934,0.977632934,0.977632934,0.977632934,0.977632934,0.977632934,0.977632934,0.977632934,0.977632934,0.977632934,0.977632934,0.977632934,0.977632934,0.977632934,0.977632934,0.977632934,0.977632934,0.977632934,0.977632934,0.977632934,0.977632934,0.977632934,0.977632934,0.977632934,0.977632934,0.977632934,0.977632934,0.977632934,0.977632934,0.977632934,0.977632934,0.977632934,0.977632934,0.977632934,0.977632934,0.977632934,0.977632934,0.977632934,0.977632934,0.977632934,0.977632934,0.977632934,0.977632934,0.977632934,0.977632934,0.977632934
CNY,ZCB,PRICE,3,0.965186083,0.965186083,0.965186083,0.965186083,0.965186083,0.965186083,0.965186083,0.965186083,0.965186083,0.965186083,0.965186083,0.965186083,0.965186083,0.965186083,0.965186083,0.965186083,0.965186083,0.965186083,0.965186083,0.965186083,0.965186083,0.965186083,0.965186083,0.965186083,0.965186083,0.965186083,0.965186083,0.965186083,0.965186083,0.965186083,0.965186083,0.965186083,0.965186083,0.965186083,0.965186083,0.965186083,0.965186083,0.965186083,0.965186083,0.965186083,0.965186083,0.965186083,0.965186083,0.965186083,0.965186083,0.965186083,0.965186083,0.965186083,0.965186083,0.965186083,0.965186083,0.965186083,0.965186083,0.965186083,0.965186083,0.965186083,0.965186083,0.965186083,0.965186083,0.965186083,0.965186083,0.965186083,0.965186083,0.965186083,0.965186083,0.965186083,0.965186083,0.965186083,0.965186083,0.965186083,0.965186083,0.965186083,0.965186083,0.965186083,0.965186083,0.965186083,0.965186083,0.965186083,0.965186083,0.965186083,0.965186083,0.965186083,0.965186083,0.965186083,0.965186083,0.965186083,0.965186083,0.965186083,0.965186083,0.965186083,0.965186083,0.965186083,0.965186083,0.965186083,0.965186083,0.965186083,0.965186083,0.965186083,0.965186083,0.965186083,0.965186083,0.965186083,0.965186083,0.965186083,0.965186083,0.965186083,0.965186083,0.965186083,0.965186083,0.965186083,0.965186083,0.965186083,0.965186083,0.965186083,0.965186083,0.965186083,0.965186083,0.965186083,0.965186083,0.965186083,0.965186083
CNY,ZCB,PRICE,4,0.949794391,0.949794391,0.949794391,0.949794391,0.949794391,0.949794391,0.949794391,0.949794391,0.949794391,0.949794391,0.949794391,0.949794391,0.949794391,0.949794391,0.949794391,0.949794391,0.949794391,0.949794391,0.949794391,0.949794391,0.949794391,0.949794391,0.949794391,0.949794391,0.949794391,0.949794391,0.949794391,0.949794391,0.949794391,0.949794391,0.949794391,0.949794391,0.949794391,0.949794391,0.949794391,0.949794391,0.949794391,0.949794391,0.949794391,0.949794391,0.949794391,0.949794391,0.949794391,0.949794391,0.949794391,0.949794391,0.949794391,0.949794391,0.949794391,0.949794391,0.949794391,0.949794391,0.949794391,0.949794391,0.949794391,0.949794391,0.949794391,0.949794391,0.949794391,0.949794391,0.949794391,0.949794391,0.949794391,0.949794391,0.949794391,0.949794391,0.949794391,0.949794391,0.949794391,0.949794391,0.949794391,0.949794391,0.949794391,0.949794391,0.949794391,0.949794391,0.949794391,0.949794391,0.949794391,0.949794391,0.949794391,0.949794391,0.949794391,0.949794391,0.949794391,0.949794391,0.949794391,0.949794391,0.949794391,0.949794391,0.949794391,0.949794391,0.949794391,0.949794391,0.949794391,0.949794391,0.949794391,0.949794391,0.949794391,0.949794391,0.949794391,0.949794391,0.949794391,0.949794391,0.949794391,0.949794391,0.949794391,0.949794391,0.949794391,0.949794391,0.949794391,0.949794391,0.949794391,0.949794391,0.949794391,0.949794391,0.949794391,0.949794391,0.949794391,0.949794391,0.949794391
CNY,ZCB,PRICE,5,0.931872039,0.931872039,0.931872039,0.931872039,0.931872039,0.931872039,0.931872039,0.931872039,0.931872039,0.931872039,0.931872039,0.931872039,0.931872039,0.931872039,0.931872039,0.931872039,0.931872039,0.931872039,0.931872039,0.931872039,0.931872039,0.931872039,0.931872039,0.931872039,0.931872039,0.931872039,0.931872039,0.931872039,0.931872039,0.931872039,0.931872039,0.931872039,0.931872039,0.931872039,0.931872039,0.931872039,0.931872039,0.931872039,0.931872039,0.931872039,0.931872039,0.931872039,0.931872039,0.931872039,0.931872039,0.931872039,0.931872039,0.931872039,0.931872039,0.931872039,0.931872039,0.931872039,0.931872039,0.931872039,0.931872039,0.931872039,0.931872039,0.931872039,0.931872039,0.931872039,0.931872039,0.931872039,0.931872039,0.931872039,0.931872039,0.931872039,0.931872039,0.931872039,0.931872039,0.931872039,0.931872039,0.931872039,0.931872039,0.931872039,0.931872039,0.931872039,0.931872039,0.931872039,0.931872039,0.931872039,0.931872039,0.931872039,0.931872039,0.931872039,0.931872039,0.931872039,0.931872039,0.931872039,0.931872039,0.931872039,0.931872039,0.931872039,0.931872039,0.931872039,0.931872039,0.931872039,0.931872039,0.931872039,0.931872039,0.931872039,0.931872039,0.931872039,0.931872039,0.931872039,0.931872039,0.931872039,0.931872039,0.931872039,0.931872039,0.931872039,0.931872039,0.931872039,0.931872039,0.931872039,0.931872039,0.931872039,0.931872039,0.931872039,0.931872039,0.931872039,0.931872039
CNY,ZCB,PRICE,6,0.913758639,0.913758639,0.913758639,0.913758639,0.913758639,0.913758639,0.913758639,0.913758639,0.913758639,0.913758639,0.913758639,0.913758639,0.913758639,0.913758639,0.913758639,0.913758639,0.913758639,0.913758639,0.913758639,0.913758639,0.913758639,0.913758639,0.913758639,0.913758639,0.913758639,0.913758639,0.913758639,0.913758639,0.913758639,0.913758639,0.913758639,0.913758639,0.913758639,0.913758639,0.913758639,0.913758639,0.913758639,0.913758639,0.913758639,0.913758639,0.913758639,0.913758639,0.913758639,0.913758639,0.913758639,0.913758639,0.913758639,0.913758639,0.913758639,0.913758639,0.913758639,0.913758639,0.913758639,0.913758639,0.913758639,0.913758639,0.913758639,0.913758639,0.913758639,0.913758639,0.913758639,0.913758639,0.913758639,0.913758639,0.913758639,0.913758639,0.913758639,0.913758639,0.913758639,0.913758639,0.913758639,0.913758639,0.913758639,0.913758639,0.913758639,0.913758639,0.913758639,0.913758639,0.913758639,0.913758639,0.913758639,0.913758639,0.913758639,0.913758639,0.913758639,0.913758639,0.913758639,0.913758639,0.913758639,0.913758639,0.913758639,0.913758639,0.913758639,0.913758639,0.913758639,0.913758639,0.913758639,0.913758639,0.913758639,0.913758639,0.913758639,0.913758639,0.913758639,0.913758639,0.913758639,0.913758639,0.913758639,0.913758639,0.913758639,0.913758639,0.913758639,0.913758639,0.913758639,0.913758639,0.913758639,0.913758639,0.913758639,0.913758639,0.913758639,0.913758639,0.913758639
CNY,ZCB,PRICE,7,0.894778296,0.894778296,0.894778296,0.894778296,0.894778296,0.894778296,0.894778296,0.894778296,0.894778296,0.894778296,0.894778296,0.894778296,0.894778296,0.894778296,0.894778296,0.894778296,0.894778296,0.894778296,0.894778296,0.894778296,0.894778296,0.894778296,0.894778296,0.894778296,0.894778296,0.894778296,0.894778296,0.894778296,0.894778296,0.894778296,0.894778296,0.894778296,0.894778296,0.894778296,0.894778296,0.894778296,0.894778296,0.894778296,0.894778296,0.894778296,0.894778296,0.894778296,0.894778296,0.894778296,0.894778296,0.894778296,0.894778296,0.894778296,0.894778296,0.894778296,0.894778296,0.894778296,0.894778296,0.894778296,0.894778296,0.894778296,0.894778296,0.894778296,0.894778296,0.894778296,0.894778296,0.894778296,0.894778296,0.894778296,0.894778296,0.894778296,0.894778296,0.894778296,0.894778296,0.894778296,0.894778296,0.894778296,0.894778296,0.894778296,0.894778296,0.894778296,0.894778296,0.894778296,0.894778296,0.894778296,0.894778296,0.894778296,0.894778296,0.894778296,0.894778296,0.894778296,0.894778296,0.894778296,0.894778296,0.894778296,0.894778296,0.894778296,0.894778296,0.894778296,0.894778296,0.894778296,0.894778296,0.894778296,0.894778296,0.894778296,0.894778296,0.894778296,0.894778296,0.894778296,0.894778296,0.894778296,0.894778296,0.894778296,0.894778296,0.894778296,0.894778296,0.894778296,0.894778296,0.894778296,0.894778296,0.894778296,0.894778296,0.894778296,0.894778296,0.894778296,0.894778296
CNY,ZCB,PRICE,8,0.876661726,0.876661726,0.876661726,0.876661726,0.876661726,0.876661726,0.876661726,0.876661726,0.876661726,0.876661726,0.876661726,0.876661726,0.876661726,0.876661726,0.876661726,0.876661726,0.876661726,0.876661726,0.876661726,0.876661726,0.876661726,0.876661726,0.876661726,0.876661726,0.876661726,0.876661726,0.876661726,0.876661726,0.876661726,0.876661726,0.876661726,0.876661726,0.876661726,0.876661726,0.876661726,0.876661726,0.876661726,0.876661726,0.876661726,0.876661726,0.876661726,0.876661726,0.876661726,0.876661726,0.876661726,0.876661726,0.876661726,0.876661726,0.876661726,0.876661726,0.876661726,0.876661726,0.876661726,0.876661726,0.876661726,0.876661726,0.876661726,0.876661726,0.876661726,0.876661726,0.876661726,0.876661726,0.876661726,0.876661726,0.876661726,0.876661726,0.876661726,0.876661726,0.876661726,0.876661726,0.876661726,0.876661726,0.876661726,0.876661726,0.876661726,0.876661726,0.876661726,0.876661726,0.876661726,0.876661726,0.876661726,0.876661726,0.876661726,0.876661726,0.876661726,0.876661726,0.876661726,0.876661726,0.876661726,0.876661726,0.876661726,0.876661726,0.876661726,0.876661726,0.876661726,0.876661726,0.876661726,0.876661726,0.876661726,0.876661726,0.876661726,0.876661726,0.876661726,0.876661726,0.876661726,0.876661726,0.876661726,0.876661726,0.876661726,0.876661726,0.876661726,0.876661726,0.876661726,0.876661726,0.876661726,0.876661726,0.876661726,0.876661726,0.876661726,0.876661726,0.876661726
CNY,ZCB,PRICE,9,0.861016233,0.861016233,0.861016233,0.861016233,0.861016233,0.861016233,0.861016233,0.861016233,0.861016233,0.861016233,0.861016233,0.861016233,0.861016233,0.861016233,0.861016233,0.861016233,0.861016233,0.861016233,0.861016233,0.861016233,0.861016233,0.861016233,0.861016233,0.861016233,0.861016233,0.861016233,0.861016233,0.861016233,0.861016233,0.861016233,0.861016233,0.861016233,0.861016233,0.861016233,0.861016233,0.861016233,0.861016233,0.861016233,0.861016233,0.861016233,0.861016233,0.861016233,0.861016233,0.861016233,0.861016233,0.861016233,0.861016233,0.861016233,0.861016233,0.861016233,0.861016233,0.861016233,0.861016233,0.861016233,0.861016233,0.861016233,0.861016233,0.861016233,0.861016233,0.861016233,0.861016233,0.861016233,0.861016233,0.861016233,0.861016233,0.861016233,0.861016233,0.861016233,0.861016233,0.861016233,0.861016233,0.861016233,0.861016233,0.861016233,0.861016233,0.861016233,0.861016233,0.861016233,0.861016233,0.861016233,0.861016233,0.861016233,0.861016233,0.861016233,0.861016233,0.861016233,0.861016233,0.861016233,0.861016233,0.861016233,0.861016233,0.861016233,0.861016233,0.861016233,0.861016233,0.861016233,0.861016233,0.861016233,0.861016233,0.861016233,0.861016233,0.861016233,0.861016233,0.861016233,0.861016233,0.861016233,0.861016233,0.861016233,0.861016233,0.861016233,0.861016233,0.861016233,0.861016233,0.861016233,0.861016233,0.861016233,0.861016233,0.861016233,0.861016233,0.861016233,0.861016233
CNY,ZCB,PRICE,10,0.845102317,0.845102317,0.845102317,0.845102317,0.845102317,0.845102317,0.845102317,0.845102317,0.845102317,0.845102317,0.845102317,0.845102317,0.845102317,0.845102317,0.845102317,0.845102317,0.845102317,0.845102317,0.845102317,0.845102317,0.845102317,0.845102317,0.845102317,0.845102317,0.845102317,0.845102317,0.845102317,0.845102317,0.845102317,0.845102317,0.845102317,0.845102317,0.845102317,0.845102317,0.845102317,0.845102317,0.845102317,0.845102317,0.845102317,0.845102317,0.845102317,0.845102317,0.845102317,0.845102317,0.845102317,0.845102317,0.845102317,0.845102317,0.845102317,0.845102317,0.845102317,0.845102317,0.845102317,0.845102317,0.845102317,0.845102317,0.845102317,0.845102317,0.845102317,0.845102317,0.845102317,0.845102317,0.845102317,0.845102317,0.845102317,0.845102317,0.845102317,0.845102317,0.845102317,0.845102317,0.845102317,0.845102317,0.845102317,0.845102317,0.845102317,0.845102317,0.845102317,0.845102317,0.845102317,0.845102317,0.845102317,0.845102317,0.845102317,0.845102317,0.845102317,0.845102317,0.845102317,0.845102317,0.845102317,0.845102317,0.845102317,0.845102317,0.845102317,0.845102317,0.845102317,0.845102317,0.845102317,0.845102317,0.845102317,0.845102317,0.845102317,0.845102317,0.845102317,0.845102317,0.845102317,0.845102317,0.845102317,0.845102317,0.845102317,0.845102317,0.845102317,0.845102317,0.845102317,0.845102317,0.845102317,0.845102317,0.845102317,0.845102317,0.845102317,0.845102317,0.845102317
CNY,ZCB,PRICE,11,0.82765808,0.82765808,0.82765808,0.82765808,0.82765808,0.82765808,0.82765808,0.82765808,0.82765808,0.82765808,0.82765808,0.82765808,0.82765808,0.82765808,0.82765808,0.82765808,0.82765808,0.82765808,0.82765808,0.82765808,0.82765808,0.82765808,0.82765808,0.82765808,0.82765808,0.82765808,0.82765808,0.82765808,0.82765808,0.82765808,0.82765808,0.82765808,0.82765808,0.82765808,0.82765808,0.82765808,0.82765808,0.82765808,0.82765808,0.82765808,0.82765808,0.82765808,0.82765808,0.82765808,0.82765808,0.82765808,0.82765808,0.82765808,0.82765808,0.82765808,0.82765808,0.82765808,0.82765808,0.82765808,0.82765808,0.82765808,0.82765808,0.82765808,0.82765808,0.82765808,0.82765808,0.82765808,0.82765808,0.82765808,0.82765808,0.82765808,0.82765808,0.82765808,0.82765808,0.82765808,0.82765808,0.82765808,0.82765808,0.82765808,0.82765808,0.82765808,0.82765808,0.82765808,0.82765808,0.82765808,0.82765808,0.82765808,0.82765808,0.82765808,0.82765808,0.82765808,0.82765808,0.82765808,0.82765808,0.82765808,0.82765808,0.82765808,0.82765808,0.82765808,0.82765808,0.82765808,0.82765808,0.82765808,0.82765808,0.82765808,0.82765808,0.82765808,0.82765808,0.82765808,0.82765808,0.82765808,0.82765808,0.82765808,0.82765808,0.82765808,0.82765808,0.82765808,0.82765808,0.82765808,0.82765808,0.82765808,0.82765808,0.82765808,0.82765808,0.82765808,0.82765808
CNY,ZCB,PRICE,12,0.809425212,0.809425212,0.809425212,0.809425212,0.809425212,0.809425212,0.809425212,0.809425212,0.809425212,0.809425212,0.809425212,0.809425212,0.809425212,0.809425212,0.809425212,0.809425212,0.809425212,0.809425212,0.809425212,0.809425212,0.809425212,0.809425212,0.809425212,0.809425212,0.809425212,0.809425212,0.809425212,0.809425212,0.809425212,0.809425212,0.809425212,0.809425212,0.809425212,0.809425212,0.809425212,0.809425212,0.809425212,0.809425212,0.809425212,0.809425212,0.809425212,0.809425212,0.809425212,0.809425212,0.809425212,0.809425212,0.809425212,0.809425212,0.809425212,0.809425212,0.809425212,0.809425212,0.809425212,0.809425212,0.809425212,0.809425212,0.809425212,0.809425212,0.809425212,0.809425212,0.809425212,0.809425212,0.809425212,0.809425212,0.809425212,0.809425212,0.809425212,0.809425212,0.809425212,0.809425212,0.809425212,0.809425212,0.809425212,0.809425212,0.809425212,0.809425212,0.809425212,0.809425212,0.809425212,0.809425212,0.809425212,0.809425212,0.809425212,0.809425212,0.809425212,0.809425212,0.809425212,0.809425212,0.809425212,0.809425212,0.809425212,0.809425212,0.809425212,0.809425212,0.809425212,0.809425212,0.809425212,0.809425212,0.809425212,0.809425212,0.809425212,0.809425212,0.809425212,0.809425212,0.809425212,0.809425212,0.809425212,0.809425212,0.809425212,0.809425212,0.809425212,0.809425212,0.809425212,0.809425212,0.809425212,0.809425212,0.809425212,0.809425212,0.809425212,0.809425212,0.809425212
CNY,ZCB,PRICE,13,0.790564387,0.790564387,0.790564387,0.790564387,0.790564387,0.790564387,0.790564387,0.790564387,0.790564387,0.790564387,0.790564387,0.790564387,0.790564387,0.790564387,0.790564387,0.790564387,0.790564387,0.790564387,0.790564387,0.790564387,0.790564387,0.790564387,0.790564387,0.790564387,0.790564387,0.790564387,0.790564387,0.790564387,0.790564387,0.790564387,0.790564387,0.790564387,0.790564387,0.790564387,0.790564387,0.790564387,0.790564387,0.790564387,0.790564387,0.790564387,0.790564387,0.790564387,0.790564387,0.790564387,0.790564387,0.790564387,0.790564387,0.790564387,0.790564387,0.790564387,0.790564387,0.790564387,0.790564387,0.790564387,0.790564387,0.790564387,0.790564387,0.790564387,0.790564387,0.790564387,0.790564387,0.790564387,0.790564387,0.790564387,0.790564387,0.790564387,0.790564387,0.790564387,0.790564387,0.790564387,0.790564387,0.790564387,0.790564387,0.790564387,0.790564387,0.790564387,0.790564387,0.790564387,0.790564387,0.790564387,0.790564387,0.790564387,0.790564387,0.790564387,0.790564387,0.790564387,0.790564387,0.790564387,0.790564387,0.790564387,0.790564387,0.790564387,0.790564387,0.790564387,0.790564387,0.790564387,0.790564387,0.790564387,0.790564387,0.790564387,0.790564387,0.790564387,0.790564387,0.790564387,0.790564387,0.790564387,0.790564387,0.790564387,0.790564387,0.790564387,0.790564387,0.790564387,0.790564387,0.790564387,0.790564387,0.790564387,0.790564387,0.790564387,0.790564387,0.790564387,0.790564387
CNY,ZCB,PRICE,14,0.771303997,0.771303997,0.771303997,0.771303997,0.771303997,0.771303997,0.771303997,0.771303997,0.771303997,0.771303997,0.771303997,0.771303997,0.771303997,0.771303997,0.771303997,0.771303997,0.771303997,0.771303997,0.771303997,0.771303997,0.771303997,0.771303997,0.771303997,0.771303997,0.771303997,0.771303997,0.771303997,0.771303997,0.771303997,0.771303997,0.771303997,0.771303997,0.771303997,0.771303997,0.771303997,0.771303997,0.771303997,0.771303997,0.771303997,0.771303997,0.771303997,0.771303997,0.771303997,0.771303997,0.771303997,0.771303997,0.771303997,0.771303997,0.771303997,0.771303997,0.771303997,0.771303997,0.771303997,0.771303997,0.771303997,0.771303997,0.771303997,0.771303997,0.771303997,0.771303997,0.771303997,0.771303997,0.771303997,0.771303997,0.771303997,0.771303997,0.771303997,0.771303997,0.771303997,0.771303997,0.771303997,0.771303997,0.771303997,0.771303997,0.771303997,0.771303997,0.771303997,0.771303997,0.771303997,0.771303997,0.771303997,0.771303997,0.771303997,0.771303997,0.771303997,0.771303997,0.771303997,0.771303997,0.771303997,0.771303997,0.771303997,0.771303997,0.771303997,0.771303997,0.771303997,0.771303997,0.771303997,0.771303997,0.771303997,0.771303997,0.771303997,0.771303997,0.771303997,0.771303997,0.771303997,0.771303997,0.771303997,0.771303997,0.771303997,0.771303997,0.771303997,0.771303997,0.771303997,0.771303997,0.771303997,0.771303997,0.771303997,0.771303997,0.771303997,0.771303997,0.771303997
CNY,ZCB,PRICE,15,0.751934629,0.751934629,0.751934629,0.751934629,0.751934629,0.751934629,0.751934629,0.751934629,0.751934629,0.751934629,0.751934629,0.751934629,0.751934629,0.751934629,0.751934629,0.751934629,0.751934629,0.751934629,0.751934629,0.751934629,0.751934629,0.751934629,0.751934629,0.751934629,0.751934629,0.751934629,0.751934629,0.751934629,0.751934629,0.751934629,0.751934629,0.751934629,0.751934629,0.751934629,0.751934629,0.751934629,0.751934629,0.751934629,0.751934629,0.751934629,0.751934629,0.751934629,0.751934629,0.751934629,0.751934629,0.751934629,0.751934629,0.751934629,0.751934629,0.751934629,0.751934629,0.751934629,0.751934629,0.751934629,0.751934629,0.751934629,0.751934629,0.751934629,0.751934629,0.751934629,0.751934629,0.751934629,0.751934629,0.751934629,0.751934629,0.751934629,0.751934629,0.751934629,0.751934629,0.751934629,0.751934629,0.751934629,0.751934629,0.751934629,0.751934629,0.751934629,0.751934629,0.751934629,0.751934629,0.751934629,0.751934629,0.751934629,0.751934629,0.751934629,0.751934629,0.751934629,0.751934629,0.751934629,0.751934629,0.751934629,0.751934629,0.751934629,0.751934629,0.751934629,0.751934629,0.751934629,0.751934629,0.751934629,0.751934629,0.751934629,0.751934629,0.751934629,0.751934629,0.751934629,0.751934629,0.751934629,0.751934629,0.751934629,0.751934629,0.751934629,0.751934629,0.751934629,0.751934629,0.751934629,0.751934629,0.751934629,0.751934629,0.751934629,0.751934629,0.751934629,0.751934629
CNY,ZCB,PRICE,16,0.733009734,0.733009734,0.733009734,0.733009734,0.733009734,0.733009734,0.733009734,0.733009734,0.733009734,0.733009734,0.733009734,0.733009734,0.733009734,0.733009734,0.733009734,0.733009734,0.733009734,0.733009734,0.733009734,0.733009734,0.733009734,0.733009734,0.733009734,0.733009734,0.733009734,0.733009734,0.733009734,0.733009734,0.733009734,0.733009734,0.733009734,0.733009734,0.733009734,0.733009734,0.733009734,0.733009734,0.733009734,0.733009734,0.733009734,0.733009734,0.733009734,0.733009734,0.733009734,0.733009734,0.733009734,0.733009734,0.733009734,0.733009734,0.733009734,0.733009734,0.733009734,0.733009734,0.733009734,0.733009734,0.733009734,0.733009734,0.733009734,0.733009734,0.733009734,0.733009734,0.733009734,0.733009734,0.733009734,0.733009734,0.733009734,0.733009734,0.733009734,0.733009734,0.733009734,0.733009734,0.733009734,0.733009734,0.733009734,0.733009734,0.733009734,0.733009734,0.733009734,0.733009734,0.733009734,0.733009734,0.733009734,0.733009734,0.733009734,0.733009734,0.733009734,0.733009734,0.733009734,0.733009734,0.733009734,0.733009734,0.733009734,0.733009734,0.733009734,0.733009734,0.733009734,0.733009734,0.733009734,0.733009734,0.733009734,0.733009734,0.733009734,0.733009734,0.733009734,0.733009734,0.733009734,0.733009734,0.733009734,0.733009734,0.733009734,0.733009734,0.733009734,0.733009734,0.733009734,0.733009734,0.733009734,0.733009734,0.733009734,0.733009734,0.733009734,0.733009734,0.733009734
CNY,ZCB,PRICE,17,0.715037292,0.715037292,0.715037292,0.715037292,0.715037292,0.715037292,0.715037292,0.715037292,0.715037292,0.715037292,0.715037292,0.715037292,0.715037292,0.715037292,0.715037292,0.715037292,0.715037292,0.715037292,0.715037292,0.715037292,0.715037292,0.715037292,0.715037292,0.715037292,0.715037292,0.715037292,0.715037292,0.715037292,0.715037292,0.715037292,0.715037292,0.715037292,0.715037292,0.715037292,0.715037292,0.715037292,0.715037292,0.715037292,0.715037292,0.715037292,0.715037292,0.715037292,0.715037292,0.715037292,0.715037292,0.715037292,0.715037292,0.715037292,0.715037292,0.715037292,0.715037292,0.715037292,0.715037292,0.715037292,0.715037292,0.715037292,0.715037292,0.715037292,0.715037292,0.715037292,0.715037292,0.715037292,0.715037292,0.715037292,0.715037292,0.715037292,0.715037292,0.715037292,0.715037292,0.715037292,0.715037292,0.715037292,0.715037292,0.715037292,0.715037292,0.715037292,0.715037292,0.715037292,0.715037292,0.715037292,0.715037292,0.715037292,0.715037292,0.715037292,0.715037292,0.715037292,0.715037292,0.715037292,0.715037292,0.715037292,0.715037292,0.715037292,0.715037292,0.715037292,0.715037292,0.715037292,0.715037292,0.715037292,0.715037292,0.715037292,0.715037292,0.715037292,0.715037292,0.715037292,0.715037292,0.715037292,0.715037292,0.715037292,0.715037292,0.715037292,0.715037292,0.715037292,0.715037292,0.715037292,0.715037292,0.715037292,0.715037292,0.715037292,0.715037292,0.715037292,0.715037292
CNY,ZCB,PRICE,18,0.69828661,0.69828661,0.69828661,0.69828661,0.69828661,0.69828661,0.69828661,0.69828661,0.69828661,0.69828661,0.69828661,0.69828661,0.69828661,0.69828661,0.69828661,0.69828661,0.69828661,0.69828661,0.69828661,0.69828661,0.69828661,0.69828661,0.69828661,0.69828661,0.69828661,0.69828661,0.69828661,0.69828661,0.69828661,0.69828661,0.69828661,0.69828661,0.69828661,0.69828661,0.69828661,0.69828661,0.69828661,0.69828661,0.69828661,0.69828661,0.69828661,0.69828661,0.69828661,0.69828661,0.69828661,0.69828661,0.69828661,0.69828661,0.69828661,0.69828661,0.69828661,0.69828661,0.69828661,0.69828661,0.69828661,0.69828661,0.69828661,0.69828661,0.69828661,0.69828661,0.69828661,0.69828661,0.69828661,0.69828661,0.69828661,0.69828661,0.69828661,0.69828661,0.69828661,0.69828661,0.69828661,0.69828661,0.69828661,0.69828661,0.69828661,0.69828661,0.69828661,0.69828661,0.69828661,0.69828661,0.69828661,0.69828661,0.69828661,0.69828661,0.69828661,0.69828661,0.69828661,0.69828661,0.69828661,0.69828661,0.69828661,0.69828661,0.69828661,0.69828661,0.69828661,0.69828661,0.69828661,0.69828661,0.69828661,0.69828661,0.69828661,0.69828661,0.69828661,0.69828661,0.69828661,0.69828661,0.69828661,0.69828661,0.69828661,0.69828661,0.69828661,0.69828661,0.69828661,0.69828661,0.69828661,0.69828661,0.69828661,0.69828661,0.69828661,0.69828661,0.69828661
CNY,ZCB,PRICE,19,0.683032097,0.683032097,0.683032097,0.683032097,0.683032097,0.683032097,0.683032097,0.683032097,0.683032097,0.683032097,0.683032097,0.683032097,0.683032097,0.683032097,0.683032097,0.683032097,0.683032097,0.683032097,0.683032097,0.683032097,0.683032097,0.683032097,0.683032097,0.683032097,0.683032097,0.683032097,0.683032097,0.683032097,0.683032097,0.683032097,0.683032097,0.683032097,0.683032097,0.683032097,0.683032097,0.683032097,0.683032097,0.683032097,0.683032097,0.683032097,0.683032097,0.683032097,0.683032097,0.683032097,0.683032097,0.683032097,0.683032097,0.683032097,0.683032097,0.683032097,0.683032097,0.683032097,0.683032097,0.683032097,0.683032097,0.683032097,0.683032097,0.683032097,0.683032097,0.683032097,0.683032097,0.683032097,0.683032097,0.683032097,0.683032097,0.683032097,0.683032097,0.683032097,0.683032097,0.683032097,0.683032097,0.683032097,0.683032097,0.683032097,0.683032097,0.683032097,0.683032097,0.683032097,0.683032097,0.683032097,0.683032097,0.683032097,0.683032097,0.683032097,0.683032097,0.683032097,0.683032097,0.683032097,0.683032097,0.683032097,0.683032097,0.683032097,0.683032097,0.683032097,0.683032097,0.683032097,0.683032097,0.683032097,0.683032097,0.683032097,0.683032097,0.683032097,0.683032097,0.683032097,0.683032097,0.683032097,0.683032097,0.683032097,0.683032097,0.683032097,0.683032097,0.683032097,0.683032097,0.683032097,0.683032097,0.683032097,0.683032097,0.683032097,0.683032097,0.683032097,0.683032097
CNY,ZCB,PRICE,20,0.669472517,0.669472517,0.669472517,0.669472517,0.669472517,0.669472517,0.669472517,0.669472517,0.669472517,0.669472517,0.669472517,0.669472517,0.669472517,0.669472517,0.669472517,0.669472517,0.669472517,0.669472517,0.669472517,0.669472517,0.669472517,0.669472517,0.669472517,0.669472517,0.669472517,0.669472517,0.669472517,0.669472517,0.669472517,0.669472517,0.669472517,0.669472517,0.669472517,0.669472517,0.669472517,0.669472517,0.669472517,0.669472517,0.669472517,0.669472517,0.669472517,0.669472517,0.669472517,0.669472517,0.669472517,0.669472517,0.669472517,0.669472517,0.669472517,0.669472517,0.669472517,0.669472517,0.669472517,0.669472517,0.669472517,0.669472517,0.669472517,0.669472517,0.669472517,0.669472517,0.669472517,0.669472517,0.669472517,0.669472517,0.669472517,0.669472517,0.669472517,0.669472517,0.669472517,0.669472517,0.669472517,0.669472517,0.669472517,0.669472517,0.669472517,0.669472517,0.669472517,0.669472517,0.669472517,0.669472517,0.669472517,0.669472517,0.669472517,0.669472517,0.669472517,0.669472517,0.669472517,0.669472517,0.669472517,0.669472517,0.669472517,0.669472517,0.669472517,0.669472517,0.669472517,0.669472517,0.669472517,0.669472517,0.669472517,0.669472517,0.669472517,0.669472517,0.669472517,0.669472517,0.669472517,0.669472517,0.669472517,0.669472517,0.669472517,0.669472517,0.669472517,0.669472517,0.669472517,0.669472517,0.669472517,0.669472517,0.669472517,0.669472517,0.669472517,0.669472517,0.669472517
CNY,ZCB,PRICE,21,0.656948999,0.656948999,0.656948999,0.656948999,0.656948999,0.656948999,0.656948999,0.656948999,0.656948999,0.656948999,0.656948999,0.656948999,0.656948999,0.656948999,0.656948999,0.656948999,0.656948999,0.656948999,0.656948999,0.656948999,0.656948999,0.656948999,0.656948999,0.656948999,0.656948999,0.656948999,0.656948999,0.656948999,0.656948999,0.656948999,0.656948999,0.656948999,0.656948999,0.656948999,0.656948999,0.656948999,0.656948999,0.656948999,0.656948999,0.656948999,0.656948999,0.656948999,0.656948999,0.656948999,0.656948999,0.656948999,0.656948999,0.656948999,0.656948999,0.656948999,0.656948999,0.656948999,0.656948999,0.656948999,0.656948999,0.656948999,0.656948999,0.656948999,0.656948999,0.656948999,0.656948999,0.656948999,0.656948999,0.656948999,0.656948999,0.656948999,0.656948999,0.656948999,0.656948999,0.656948999,0.656948999,0.656948999,0.656948999,0.656948999,0.656948999,0.656948999,0.656948999,0.656948999,0.656948999,0.656948999,0.656948999,0.656948999,0.656948999,0.656948999,0.656948999,0.656948999,0.656948999,0.656948999,0.656948999,0.656948999,0.656948999,0.656948999,0.656948999,0.656948999,0.656948999,0.656948999,0.656948999,0.656948999,0.656948999,0.656948999,0.656948999,0.656948999,0.656948999,0.656948999,0.656948999,0.656948999,0.656948999,0.656948999,0.656948999,0.656948999,0.656948999,0.656948999,0.656948999,0.656948999,0.656948999,0.656948999,0.656948999,0.656948999,0.656948999,0.656948999,0.656948999
CNY,ZCB,PRICE,22,0.645184705,0.645184705,0.645184705,0.645184705,0.645184705,0.645184705,0.645184705,0.645184705,0.645184705,0.645184705,0.645184705,0.645184705,0.645184705,0.645184705,0.645184705,0.645184705,0.645184705,0.645184705,0.645184705,0.645184705,0.645184705,0.645184705,0.645184705,0.645184705,0.645184705,0.645184705,0.645184705,0.645184705,0.645184705,0.645184705,0.645184705,0.645184705,0.645184705,0.645184705,0.645184705,0.645184705,0.645184705,0.645184705,0.645184705,0.645184705,0.645184705,0.645184705,0.645184705,0.645184705,0.645184705,0.645184705,0.645184705,0.645184705,0.645184705,0.645184705,0.645184705,0.645184705,0.645184705,0.645184705,0.645184705,0.645184705,0.645184705,0.645184705,0.645184705,0.645184705,0.645184705,0.645184705,0.645184705,0.645184705,0.645184705,0.645184705,0.645184705,0.645184705,0.645184705,0.645184705,0.645184705,0.645184705,0.645184705,0.645184705,0.645184705,0.645184705,0.645184705,0.645184705,0.645184705,0.645184705,0.645184705,0.645184705,0.645184705,0.645184705,0.645184705,0.645184705,0.645184705,0.645184705,0.645184705,0.645184705,0.645184705,0.645184705,0.645184705,0.645184705,0.645184705,0.645184705,0.645184705,0.645184705,0.645184705,0.645184705,0.645184705,0.645184705,0.645184705,0.645184705,0.645184705,0.645184705,0.645184705,0.645184705,0.645184705,0.645184705,0.645184705,0.645184705,0.645184705,0.645184705,0.645184705,0.645184705,0.645184705,0.645184705,0.645184705,0.645184705,0.645184705
CNY,ZCB,PRICE,23,0.634079894,0.634079894,0.634079894,0.634079894,0.634079894,0.634079894,0.634079894,0.634079894,0.634079894,0.634079894,0.634079894,0.634079894,0.634079894,0.634079894,0.634079894,0.634079894,0.634079894,0.634079894,0.634079894,0.634079894,0.634079894,0.634079894,0.634079894,0.634079894,0.634079894,0.634079894,0.634079894,0.634079894,0.634079894,0.634079894,0.634079894,0.634079894,0.634079894,0.634079894,0.634079894,0.634079894,0.634079894,0.634079894,0.634079894,0.634079894,0.634079894,0.634079894,0.634079894,0.634079894,0.634079894,0.634079894,0.634079894,0.634079894,0.634079894,0.634079894,0.634079894,0.634079894,0.634079894,0.634079894,0.634079894,0.634079894,0.634079894,0.634079894,0.634079894,0.634079894,0.634079894,0.634079894,0.634079894,0.634079894,0.634079894,0.634079894,0.634079894,0.634079894,0.634079894,0.634079894,0.634079894,0.634079894,0.634079894,0.634079894,0.634079894,0.634079894,0.634079894,0.634079894,0.634079894,0.634079894,0.634079894,0.634079894,0.634079894,0.634079894,0.634079894,0.634079894,0.634079894,0.634079894,0.634079894,0.634079894,0.634079894,0.634079894,0.634079894,0.634079894,0.634079894,0.634079894,0.634079894,0.634079894,0.634079894,0.634079894,0.634079894,0.634079894,0.634079894,0.634079894,0.634079894,0.634079894,0.634079894,0.634079894,0.634079894,0.634079894,0.634079894,0.634079894,0.634079894,0.634079894,0.634079894,0.634079894,0.634079894,0.634079894,0.634079894,0.634079894,0.634079894
CNY,ZCB,PRICE,24,0.623517089,0.623517089,0.623517089,0.623517089,0.623517089,0.623517089,0.623517089,0.623517089,0.623517089,0.623517089,0.623517089,0.623517089,0.623517089,0.623517089,0.623517089,0.623517089,0.623517089,0.623517089,0.623517089,0.623517089,0.623517089,0.623517089,0.623517089,0.623517089,0.623517089,0.623517089,0.623517089,0.623517089,0.623517089,0.623517089,0.623517089,0.623517089,0.623517089,0.623517089,0.623517089,0.623517089,0.623517089,0.623517089,0.623517089,0.623517089,0.623517089,0.623517089,0.623517089,0.623517089,0.623517089,0.623517089,0.623517089,0.623517089,0.623517089,0.623517089,0.623517089,0.623517089,0.623517089,0.623517089,0.623517089,0.623517089,0.623517089,0.623517089,0.623517089,0.623517089,0.623517089,0.623517089,0.623517089,0.623517089,0.623517089,0.623517089,0.623517089,0.623517089,0.623517089,0.623517089,0.623517089,0.623517089,0.623517089,0.623517089,0.623517089,0.623517089,0.623517089,0.623517089,0.623517089,0.623517089,0.623517089,0.623517089,0.623517089,0.623517089,0.623517089,0.623517089,0.623517089,0.623517089,0.623517089,0.623517089,0.623517089,0.623517089,0.623517089,0.623517089,0.623517089,0.623517089,0.623517089,0.623517089,0.623517089,0.623517089,0.623517089,0.623517089,0.623517089,0.623517089,0.623517089,0.623517089,0.623517089,0.623517089,0.623517089,0.623517089,0.623517089,0.623517089,0.623517089,0.623517089,0.623517089,0.623517089,0.623517089,0.623517089,0.623517089,0.623517089,0.623517089
CNY,ZCB,PRICE,25,0.613362258,0.613362258,0.613362258,0.613362258,0.613362258,0.613362258,0.613362258,0.613362258,0.613362258,0.613362258,0.613362258,0.613362258,0.613362258,0.613362258,0.613362258,0.613362258,0.613362258,0.613362258,0.613362258,0.613362258,0.613362258,0.613362258,0.613362258,0.613362258,0.613362258,0.613362258,0.613362258,0.613362258,0.613362258,0.613362258,0.613362258,0.613362258,0.613362258,0.613362258,0.613362258,0.613362258,0.613362258,0.613362258,0.613362258,0.613362258,0.613362258,0.613362258,0.613362258,0.613362258,0.613362258,0.613362258,0.613362258,0.613362258,0.613362258,0.613362258,0.613362258,0.613362258,0.613362258,0.613362258,0.613362258,0.613362258,0.613362258,0.613362258,0.613362258,0.613362258,0.613362258,0.613362258,0.613362258,0.613362258,0.613362258,0.613362258,0.613362258,0.613362258,0.613362258,0.613362258,0.613362258,0.613362258,0.613362258,0.613362258,0.613362258,0.613362258,0.613362258,0.613362258,0.613362258,0.613362258,0.613362258,0.613362258,0.613362258,0.613362258,0.613362258,0.613362258,0.613362258,0.613362258,0.613362258,0.613362258,0.613362258,0.613362258,0.613362258,0.613362258,0.613362258,0.613362258,0.613362258,0.613362258,0.613362258,0.613362258,0.613362258,0.613362258,0.613362258,0.613362258,0.613362258,0.613362258,0.613362258,0.613362258,0.613362258,0.613362258,0.613362258,0.613362258,0.613362258,0.613362258,0.613362258,0.613362258,0.613362258,0.613362258,0.613362258,0.613362258,0.613362258
CNY,ZCB,PRICE,26,0.603465875,0.603465875,0.603465875,0.603465875,0.603465875,0.603465875,0.603465875,0.603465875,0.603465875,0.603465875,0.603465875,0.603465875,0.603465875,0.603465875,0.603465875,0.603465875,0.603465875,0.603465875,0.603465875,0.603465875,0.603465875,0.603465875,0.603465875,0.603465875,0.603465875,0.603465875,0.603465875,0.603465875,0.603465875,0.603465875,0.603465875,0.603465875,0.603465875,0.603465875,0.603465875,0.603465875,0.603465875,0.603465875,0.603465875,0.603465875,0.603465875,0.603465875,0.603465875,0.603465875,0.603465875,0.603465875,0.603465875,0.603465875,0.603465875,0.603465875,0.603465875,0.603465875,0.603465875,0.603465875,0.603465875,0.603465875,0.603465875,0.603465875,0.603465875,0.603465875,0.603465875,0.603465875,0.603465875,0.603465875,0.603465875,0.603465875,0.603465875,0.603465875,0.603465875,0.603465875,0.603465875,0.603465875,0.603465875,0.603465875,0.603465875,0.603465875,0.603465875,0.603465875,0.603465875,0.603465875,0.603465875,0.603465875,0.603465875,0.603465875,0.603465875,0.603465875,0.603465875,0.603465875,0.603465875,0.603465875,0.603465875,0.603465875,0.603465875,0.603465875,0.603465875,0.603465875,0.603465875,0.603465875,0.603465875,0.603465875,0.603465875,0.603465875,0.603465875,0.603465875,0.603465875,0.603465875,0.603465875,0.603465875,0.603465875,0.603465875,0.603465875,0.603465875,0.603465875,0.603465875,0.603465875,0.603465875,0.603465875,0.603465875,0.603465875,0.603465875,0.603465875
CNY,ZCB,PRICE,27,0.593663881,0.593663881,0.593663881,0.593663881,0.593663881,0.593663881,0.593663881,0.593663881,0.593663881,0.593663881,0.593663881,0.593663881,0.593663881,0.593663881,0.593663881,0.593663881,0.593663881,0.593663881,0.593663881,0.593663881,0.593663881,0.593663881,0.593663881,0.593663881,0.593663881,0.593663881,0.593663881,0.593663881,0.593663881,0.593663881,0.593663881,0.593663881,0.593663881,0.593663881,0.593663881,0.593663881,0.593663881,0.593663881,0.593663881,0.593663881,0.593663881,0.593663881,0.593663881,0.593663881,0.593663881,0.593663881,0.593663881,0.593663881,0.593663881,0.593663881,0.593663881,0.593663881,0.593663881,0.593663881,0.593663881,0.593663881,0.593663881,0.593663881,0.593663881,0.593663881,0.593663881,0.593663881,0.593663881,0.593663881,0.593663881,0.593663881,0.593663881,0.593663881,0.593663881,0.593663881,0.593663881,0.593663881,0.593663881,0.593663881,0.593663881,0.593663881,0.593663881,0.593663881,0.593663881,0.593663881,0.593663881,0.593663881,0.593663881,0.593663881,0.593663881,0.593663881,0.593663881,0.593663881,0.593663881,0.593663881,0.593663881,0.593663881,0.593663881,0.593663881,0.593663881,0.593663881,0.593663881,0.593663881,0.593663881,0.593663881,0.593663881,0.593663881,0.593663881,0.593663881,0.593663881,0.593663881,0.593663881,0.593663881,0.593663881,0.593663881,0.593663881,0.593663881,0.593663881,0.593663881,0.593663881,0.593663881,0.593663881,0.593663881,0.593663881,0.593663881,0.593663881
CNY,ZCB,PRICE,28,0.583778595,0.583778595,0.583778595,0.583778595,0.583778595,0.583778595,0.583778595,0.583778595,0.583778595,0.583778595,0.583778595,0.583778595,0.583778595,0.583778595,0.583778595,0.583778595,0.583778595,0.583778595,0.583778595,0.583778595,0.583778595,0.583778595,0.583778595,0.583778595,0.583778595,0.583778595,0.583778595,0.583778595,0.583778595,0.583778595,0.583778595,0.583778595,0.583778595,0.583778595,0.583778595,0.583778595,0.583778595,0.583778595,0.583778595,0.583778595,0.583778595,0.583778595,0.583778595,0.583778595,0.583778595,0.583778595,0.583778595,0.583778595,0.583778595,0.583778595,0.583778595,0.583778595,0.583778595,0.583778595,0.583778595,0.583778595,0.583778595,0.583778595,0.583778595,0.583778595,0.583778595,0.583778595,0.583778595,0.583778595,0.583778595,0.583778595,0.583778595,0.583778595,0.583778595,0.583778595,0.583778595,0.583778595,0.583778595,0.583778595,0.583778595,0.583778595,0.583778595,0.583778595,0.583778595,0.583778595,0.583778595,0.583778595,0.583778595,0.583778595,0.583778595,0.583778595,0.583778595,0.583778595,0.583778595,0.583778595,0.583778595,0.583778595,0.583778595,0.583778595,0.583778595,0.583778595,0.583778595,0.583778595,0.583778595,0.583778595,0.583778595,0.583778595,0.583778595,0.583778595,0.583778595,0.583778595,0.583778595,0.583778595,0.583778595,0.583778595,0.583778595,0.583778595,0.583778595,0.583778595,0.583778595,0.583778595,0.583778595,0.583778595,0.583778595,0.583778595,0.583778595
CNY,ZCB,PRICE,29,0.573619624,0.573619624,0.573619624,0.573619624,0.573619624,0.573619624,0.573619624,0.573619624,0.573619624,0.573619624,0.573619624,0.573619624,0.573619624,0.573619624,0.573619624,0.573619624,0.573619624,0.573619624,0.573619624,0.573619624,0.573619624,0.573619624,0.573619624,0.573619624,0.573619624,0.573619624,0.573619624,0.573619624,0.573619624,0.573619624,0.573619624,0.573619624,0.573619624,0.573619624,0.573619624,0.573619624,0.573619624,0.573619624,0.573619624,0.573619624,0.573619624,0.573619624,0.573619624,0.573619624,0.573619624,0.573619624,0.573619624,0.573619624,0.573619624,0.573619624,0.573619624,0.573619624,0.573619624,0.573619624,0.573619624,0.573619624,0.573619624,0.573619624,0.573619624,0.573619624,0.573619624,0.573619624,0.573619624,0.573619624,0.573619624,0.573619624,0.573619624,0.573619624,0.573619624,0.573619624,0.573619624,0.573619624,0.573619624,0.573619624,0.573619624,0.573619624,0.573619624,0.573619624,0.573619624,0.573619624,0.573619624,0.573619624,0.573619624,0.573619624,0.573619624,0.573619624,0.573619624,0.573619624,0.573619624,0.573619624,0.573619624,0.573619624,0.573619624,0.573619624,0.573619624,0.573619624,0.573619624,0.573619624,0.573619624,0.573619624,0.573619624,0.573619624,0.573619624,0.573619624,0.573619624,0.573619624,0.573619624,0.573619624,0.573619624,0.573619624,0.573619624,0.573619624,0.573619624,0.573619624,0.573619624,0.573619624,0.573619624,0.573619624,0.573619624,0.573619624,0.573619624
CNY,ZCB,PRICE,30,0.562989737,0.562989737,0.562989737,0.562989737,0.562989737,0.562989737,0.562989737,0.562989737,0.562989737,0.562989737,0.562989737,0.562989737,0.562989737,0.562989737,0.562989737,0.562989737,0.562989737,0.562989737,0.562989737,0.562989737,0.562989737,0.562989737,0.562989737,0.562989737,0.562989737,0.562989737,0.562989737,0.562989737,0.562989737,0.562989737,0.562989737,0.562989737,0.562989737,0.562989737,0.562989737,0.562989737,0.562989737,0.562989737,0.562989737,0.562989737,0.562989737,0.562989737,0.562989737,0.562989737,0.562989737,0.562989737,0.562989737,0.562989737,0.562989737,0.562989737,0.562989737,0.562989737,0.562989737,0.562989737,0.562989737,0.562989737,0.562989737,0.562989737,0.562989737,0.562989737,0.562989737,0.562989737,0.562989737,0.562989737,0.562989737,0.562989737,0.562989737,0.562989737,0.562989737,0.562989737,0.562989737,0.562989737,0.562989737,0.562989737,0.562989737,0.562989737,0.562989737,0.562989737,0.562989737,0.562989737,0.562989737,0.562989737,0.562989737,0.562989737,0.562989737,0.562989737,0.562989737,0.562989737,0.562989737,0.562989737,0.562989737,0.562989737,0.562989737,0.562989737,0.562989737,0.562989737,0.562989737,0.562989737,0.562989737,0.562989737,0.562989737,0.562989737,0.562989737,0.562989737,0.562989737,0.562989737,0.562989737,0.562989737,0.562989737,0.562989737,0.562989737,0.562989737,0.562989737,0.562989737,0.562989737,0.562989737,0.562989737,0.562989737,0.562989737,0.562989737,0.562989737
CNY,ZCB,PRICE,31,0.551855551,0.551855551,0.551855551,0.551855551,0.551855551,0.551855551,0.551855551,0.551855551,0.551855551,0.551855551,0.551855551,0.551855551,0.551855551,0.551855551,0.551855551,0.551855551,0.551855551,0.551855551,0.551855551,0.551855551,0.551855551,0.551855551,0.551855551,0.551855551,0.551855551,0.551855551,0.551855551,0.551855551,0.551855551,0.551855551,0.551855551,0.551855551,0.551855551,0.551855551,0.551855551,0.551855551,0.551855551,0.551855551,0.551855551,0.551855551,0.551855551,0.551855551,0.551855551,0.551855551,0.551855551,0.551855551,0.551855551,0.551855551,0.551855551,0.551855551,0.551855551,0.551855551,0.551855551,0.551855551,0.551855551,0.551855551,0.551855551,0.551855551,0.551855551,0.551855551,0.551855551,0.551855551,0.551855551,0.551855551,0.551855551,0.551855551,0.551855551,0.551855551,0.551855551,0.551855551,0.551855551,0.551855551,0.551855551,0.551855551,0.551855551,0.551855551,0.551855551,0.551855551,0.551855551,0.551855551,0.551855551,0.551855551,0.551855551,0.551855551,0.551855551,0.551855551,0.551855551,0.551855551,0.551855551,0.551855551,0.551855551,0.551855551,0.551855551,0.551855551,0.551855551,0.551855551,0.551855551,0.551855551,0.551855551,0.551855551,0.551855551,0.551855551,0.551855551,0.551855551,0.551855551,0.551855551,0.551855551,0.551855551,0.551855551,0.551855551,0.551855551,0.551855551,0.551855551,0.551855551,0.551855551,0.551855551,0.551855551,0.551855551,0.551855551,0.551855551,0.551855551
CNY,ZCB,PRICE,32,0.540322472,0.540322472,0.540322472,0.540322472,0.540322472,0.540322472,0.540322472,0.540322472,0.540322472,0.540322472,0.540322472,0.540322472,0.540322472,0.540322472,0.540322472,0.540322472,0.540322472,0.540322472,0.540322472,0.540322472,0.540322472,0.540322472,0.540322472,0.540322472,0.540322472,0.540322472,0.540322472,0.540322472,0.540322472,0.540322472,0.540322472,0.540322472,0.540322472,0.540322472,0.540322472,0.540322472,0.540322472,0.540322472,0.540322472,0.540322472,0.540322472,0.540322472,0.540322472,0.540322472,0.540322472,0.540322472,0.540322472,0.540322472,0.540322472,0.540322472,0.540322472,0.540322472,0.540322472,0.540322472,0.540322472,0.540322472,0.540322472,0.540322472,0.540322472,0.540322472,0.540322472,0.540322472,0.540322472,0.540322472,0.540322472,0.540322472,0.540322472,0.540322472,0.540322472,0.540322472,0.540322472,0.540322472,0.540322472,0.540322472,0.540322472,0.540322472,0.540322472,0.540322472,0.540322472,0.540322472,0.540322472,0.540322472,0.540322472,0.540322472,0.540322472,0.540322472,0.540322472,0.540322472,0.540322472,0.540322472,0.540322472,0.540322472,0.540322472,0.540322472,0.540322472,0.540322472,0.540322472,0.540322472,0.540322472,0.540322472,0.540322472,0.540322472,0.540322472,0.540322472,0.540322472,0.540322472,0.540322472,0.540322472,0.540322472,0.540322472,0.540322472,0.540322472,0.540322472,0.540322472,0.540322472,0.540322472,0.540322472,0.540322472,0.540322472,0.540322472,0.540322472
CNY,ZCB,PRICE,33,0.52849716,0.52849716,0.52849716,0.52849716,0.52849716,0.52849716,0.52849716,0.52849716,0.52849716,0.52849716,0.52849716,0.52849716,0.52849716,0.52849716,0.52849716,0.52849716,0.52849716,0.52849716,0.52849716,0.52849716,0.52849716,0.52849716,0.52849716,0.52849716,0.52849716,0.52849716,0.52849716,0.52849716,0.52849716,0.52849716,0.52849716,0.52849716,0.52849716,0.52849716,0.52849716,0.52849716,0.52849716,0.52849716,0.52849716,0.52849716,0.52849716,0.52849716,0.52849716,0.52849716,0.52849716,0.52849716,0.52849716,0.52849716,0.52849716,0.52849716,0.52849716,0.52849716,0.52849716,0.52849716,0.52849716,0.52849716,0.52849716,0.52849716,0.52849716,0.52849716,0.52849716,0.52849716,0.52849716,0.52849716,0.52849716,0.52849716,0.52849716,0.52849716,0.52849716,0.52849716,0.52849716,0.52849716,0.52849716,0.52849716,0.52849716,0.52849716,0.52849716,0.52849716,0.52849716,0.52849716,0.52849716,0.52849716,0.52849716,0.52849716,0.52849716,0.52849716,0.52849716,0.52849716,0.52849716,0.52849716,0.52849716,0.52849716,0.52849716,0.52849716,0.52849716,0.52849716,0.52849716,0.52849716,0.52849716,0.52849716,0.52849716,0.52849716,0.52849716,0.52849716,0.52849716,0.52849716,0.52849716,0.52849716,0.52849716,0.52849716,0.52849716,0.52849716,0.52849716,0.52849716,0.52849716,0.52849716,0.52849716,0.52849716,0.52849716,0.52849716,0.52849716
CNY,ZCB,PRICE,34,0.516497691,0.516497691,0.516497691,0.516497691,0.516497691,0.516497691,0.516497691,0.516497691,0.516497691,0.516497691,0.516497691,0.516497691,0.516497691,0.516497691,0.516497691,0.516497691,0.516497691,0.516497691,0.516497691,0.516497691,0.516497691,0.516497691,0.516497691,0.516497691,0.516497691,0.516497691,0.516497691,0.516497691,0.516497691,0.516497691,0.516497691,0.516497691,0.516497691,0.516497691,0.516497691,0.516497691,0.516497691,0.516497691,0.516497691,0.516497691,0.516497691,0.516497691,0.516497691,0.516497691,0.516497691,0.516497691,0.516497691,0.516497691,0.516497691,0.516497691,0.516497691,0.516497691,0.516497691,0.516497691,0.516497691,0.516497691,0.516497691,0.516497691,0.516497691,0.516497691,0.516497691,0.516497691,0.516497691,0.516497691,0.516497691,0.516497691,0.516497691,0.516497691,0.516497691,0.516497691,0.516497691,0.516497691,0.516497691,0.516497691,0.516497691,0.516497691,0.516497691,0.516497691,0.516497691,0.516497691,0.516497691,0.516497691,0.516497691,0.516497691,0.516497691,0.516497691,0.516497691,0.516497691,0.516497691,0.516497691,0.516497691,0.516497691,0.516497691,0.516497691,0.516497691,0.516497691,0.516497691,0.516497691,0.516497691,0.516497691,0.516497691,0.516497691,0.516497691,0.516497691,0.516497691,0.516497691,0.516497691,0.516497691,0.516497691,0.516497691,0.516497691,0.516497691,0.516497691,0.516497691,0.516497691,0.516497691,0.516497691,0.516497691,0.516497691,0.516497691,0.516497691
CNY,ZCB,PRICE,35,0.504452661,0.504452661,0.504452661,0.504452661,0.504452661,0.504452661,0.504452661,0.504452661,0.504452661,0.504452661,0.504452661,0.504452661,0.504452661,0.504452661,0.504452661,0.504452661,0.504452661,0.504452661,0.504452661,0.504452661,0.504452661,0.504452661,0.504452661,0.504452661,0.504452661,0.504452661,0.504452661,0.504452661,0.504452661,0.504452661,0.504452661,0.504452661,0.504452661,0.504452661,0.504452661,0.504452661,0.504452661,0.504452661,0.504452661,0.504452661,0.504452661,0.504452661,0.504452661,0.504452661,0.504452661,0.504452661,0.504452661,0.504452661,0.504452661,0.504452661,0.504452661,0.504452661,0.504452661,0.504452661,0.504452661,0.504452661,0.504452661,0.504452661,0.504452661,0.504452661,0.504452661,0.504452661,0.504452661,0.504452661,0.504452661,0.504452661,0.504452661,0.504452661,0.504452661,0.504452661,0.504452661,0.504452661,0.504452661,0.504452661,0.504452661,0.504452661,0.504452661,0.504452661,0.504452661,0.504452661,0.504452661,0.504452661,0.504452661,0.504452661,0.504452661,0.504452661,0.504452661,0.504452661,0.504452661,0.504452661,0.504452661,0.504452661,0.504452661,0.504452661,0.504452661,0.504452661,0.504452661,0.504452661,0.504452661,0.504452661,0.504452661,0.504452661,0.504452661,0.504452661,0.504452661,0.504452661,0.504452661,0.504452661,0.504452661,0.504452661,0.504452661,0.504452661,0.504452661,0.504452661,0.504452661,0.504452661,0.504452661,0.504452661,0.504452661,0.504452661,0.504452661
CNY,ZCB,PRICE,36,0.492500276,0.492500276,0.492500276,0.492500276,0.492500276,0.492500276,0.492500276,0.492500276,0.492500276,0.492500276,0.492500276,0.492500276,0.492500276,0.492500276,0.492500276,0.492500276,0.492500276,0.492500276,0.492500276,0.492500276,0.492500276,0.492500276,0.492500276,0.492500276,0.492500276,0.492500276,0.492500276,0.492500276,0.492500276,0.492500276,0.492500276,0.492500276,0.492500276,0.492500276,0.492500276,0.492500276,0.492500276,0.492500276,0.492500276,0.492500276,0.492500276,0.492500276,0.492500276,0.492500276,0.492500276,0.492500276,0.492500276,0.492500276,0.492500276,0.492500276,0.492500276,0.492500276,0.492500276,0.492500276,0.492500276,0.492500276,0.492500276,0.492500276,0.492500276,0.492500276,0.492500276,0.492500276,0.492500276,0.492500276,0.492500276,0.492500276,0.492500276,0.492500276,0.492500276,0.492500276,0.492500276,0.492500276,0.492500276,0.492500276,0.492500276,0.492500276,0.492500276,0.492500276,0.492500276,0.492500276,0.492500276,0.492500276,0.492500276,0.492500276,0.492500276,0.492500276,0.492500276,0.492500276,0.492500276,0.492500276,0.492500276,0.492500276,0.492500276,0.492500276,0.492500276,0.492500276,0.492500276,0.492500276,0.492500276,0.492500276,0.492500276,0.492500276,0.492500276,0.492500276,0.492500276,0.492500276,0.492500276,0.492500276,0.492500276,0.492500276,0.492500276,0.492500276,0.492500276,0.492500276,0.492500276,0.492500276,0.492500276,0.492500276,0.492500276,0.492500276,0.492500276
CNY,ZCB,PRICE,37,0.480787442,0.480787442,0.480787442,0.480787442,0.480787442,0.480787442,0.480787442,0.480787442,0.480787442,0.480787442,0.480787442,0.480787442,0.480787442,0.480787442,0.480787442,0.480787442,0.480787442,0.480787442,0.480787442,0.480787442,0.480787442,0.480787442,0.480787442,0.480787442,0.480787442,0.480787442,0.480787442,0.480787442,0.480787442,0.480787442,0.480787442,0.480787442,0.480787442,0.480787442,0.480787442,0.480787442,0.480787442,0.480787442,0.480787442,0.480787442,0.480787442,0.480787442,0.480787442,0.480787442,0.480787442,0.480787442,0.480787442,0.480787442,0.480787442,0.480787442,0.480787442,0.480787442,0.480787442,0.480787442,0.480787442,0.480787442,0.480787442,0.480787442,0.480787442,0.480787442,0.480787442,0.480787442,0.480787442,0.480787442,0.480787442,0.480787442,0.480787442,0.480787442,0.480787442,0.480787442,0.480787442,0.480787442,0.480787442,0.480787442,0.480787442,0.480787442,0.480787442,0.480787442,0.480787442,0.480787442,0.480787442,0.480787442,0.480787442,0.480787442,0.480787442,0.480787442,0.480787442,0.480787442,0.480787442,0.480787442,0.480787442,0.480787442,0.480787442,0.480787442,0.480787442,0.480787442,0.480787442,0.480787442,0.480787442,0.480787442,0.480787442,0.480787442,0.480787442,0.480787442,0.480787442,0.480787442,0.480787442,0.480787442,0.480787442,0.480787442,0.480787442,0.480787442,0.480787442,0.480787442,0.480787442,0.480787442,0.480787442,0.480787442,0.480787442,0.480787442,0.480787442
CNY,ZCB,PRICE,38,0.46946886,0.46946886,0.46946886,0.46946886,0.46946886,0.46946886,0.46946886,0.46946886,0.46946886,0.46946886,0.46946886,0.46946886,0.46946886,0.46946886,0.46946886,0.46946886,0.46946886,0.46946886,0.46946886,0.46946886,0.46946886,0.46946886,0.46946886,0.46946886,0.46946886,0.46946886,0.46946886,0.46946886,0.46946886,0.46946886,0.46946886,0.46946886,0.46946886,0.46946886,0.46946886,0.46946886,0.46946886,0.46946886,0.46946886,0.46946886,0.46946886,0.46946886,0.46946886,0.46946886,0.46946886,0.46946886,0.46946886,0.46946886,0.46946886,0.46946886,0.46946886,0.46946886,0.46946886,0.46946886,0.46946886,0.46946886,0.46946886,0.46946886,0.46946886,0.46946886,0.46946886,0.46946886,0.46946886,0.46946886,0.46946886,0.46946886,0.46946886,0.46946886,0.46946886,0.46946886,0.46946886,0.46946886,0.46946886,0.46946886,0.46946886,0.46946886,0.46946886,0.46946886,0.46946886,0.46946886,0.46946886,0.46946886,0.46946886,0.46946886,0.46946886,0.46946886,0.46946886,0.46946886,0.46946886,0.46946886,0.46946886,0.46946886,0.46946886,0.46946886,0.46946886,0.46946886,0.46946886,0.46946886,0.46946886,0.46946886,0.46946886,0.46946886,0.46946886,0.46946886,0.46946886,0.46946886,0.46946886,0.46946886,0.46946886,0.46946886,0.46946886,0.46946886,0.46946886,0.46946886,0.46946886,0.46946886,0.46946886,0.46946886,0.46946886,0.46946886,0.46946886
CNY,ZCB,PRICE,39,0.458706196,0.458706196,0.458706196,0.458706196,0.458706196,0.458706196,0.458706196,0.458706196,0.458706196,0.458706196,0.458706196,0.458706196,0.458706196,0.458706196,0.458706196,0.458706196,0.458706196,0.458706196,0.458706196,0.458706196,0.458706196,0.458706196,0.458706196,0.458706196,0.458706196,0.458706196,0.458706196,0.458706196,0.458706196,0.458706196,0.458706196,0.458706196,0.458706196,0.458706196,0.458706196,0.458706196,0.458706196,0.458706196,0.458706196,0.458706196,0.458706196,0.458706196,0.458706196,0.458706196,0.458706196,0.458706196,0.458706196,0.458706196,0.458706196,0.458706196,0.458706196,0.458706196,0.458706196,0.458706196,0.458706196,0.458706196,0.458706196,0.458706196,0.458706196,0.458706196,0.458706196,0.458706196,0.458706196,0.458706196,0.458706196,0.458706196,0.458706196,0.458706196,0.458706196,0.458706196,0.458706196,0.458706196,0.458706196,0.458706196,0.458706196,0.458706196,0.458706196,0.458706196,0.458706196,0.458706196,0.458706196,0.458706196,0.458706196,0.458706196,0.458706196,0.458706196,0.458706196,0.458706196,0.458706196,0.458706196,0.458706196,0.458706196,0.458706196,0.458706196,0.458706196,0.458706196,0.458706196,0.458706196,0.458706196,0.458706196,0.458706196,0.458706196,0.458706196,0.458706196,0.458706196,0.458706196,0.458706196,0.458706196,0.458706196,0.458706196,0.458706196,0.458706196,0.458706196,0.458706196,0.458706196,0.458706196,0.458706196,0.458706196,0.458706196,0.458706196,0.458706196
CNY,ZCB,PRICE,40,0.448667323,0.448667323,0.448667323,0.448667323,0.448667323,0.448667323,0.448667323,0.448667323,0.448667323,0.448667323,0.448667323,0.448667323,0.448667323,0.448667323,0.448667323,0.448667323,0.448667323,0.448667323,0.448667323,0.448667323,0.448667323,0.448667323,0.448667323,0.448667323,0.448667323,0.448667323,0.448667323,0.448667323,0.448667323,0.448667323,0.448667323,0.448667323,0.448667323,0.448667323,0.448667323,0.448667323,0.448667323,0.448667323,0.448667323,0.448667323,0.448667323,0.448667323,0.448667323,0.448667323,0.448667323,0.448667323,0.448667323,0.448667323,0.448667323,0.448667323,0.448667323,0.448667323,0.448667323,0.448667323,0.448667323,0.448667323,0.448667323,0.448667323,0.448667323,0.448667323,0.448667323,0.448667323,0.448667323,0.448667323,0.448667323,0.448667323,0.448667323,0.448667323,0.448667323,0.448667323,0.448667323,0.448667323,0.448667323,0.448667323,0.448667323,0.448667323,0.448667323,0.448667323,0.448667323,0.448667323,0.448667323,0.448667323,0.448667323,0.448667323,0.448667323,0.448667323,0.448667323,0.448667323,0.448667323,0.448667323,0.448667323,0.448667323,0.448667323,0.448667323,0.448667323,0.448667323,0.448667323,0.448667323,0.448667323,0.448667323,0.448667323,0.448667323,0.448667323,0.448667323,0.448667323,0.448667323,0.448667323,0.448667323,0.448667323,0.448667323,0.448667323,0.448667323,0.448667323,0.448667323,0.448667323,0.448667323,0.448667323,0.448667323,0.448667323,0.448667323,0.448667323
CNY,ZCB,PRICE,41,0.439216417,0.439216417,0.439216417,0.439216417,0.439216417,0.439216417,0.439216417,0.439216417,0.439216417,0.439216417,0.439216417,0.439216417,0.439216417,0.439216417,0.439216417,0.439216417,0.439216417,0.439216417,0.439216417,0.439216417,0.439216417,0.439216417,0.439216417,0.439216417,0.439216417,0.439216417,0.439216417,0.439216417,0.439216417,0.439216417,0.439216417,0.439216417,0.439216417,0.439216417,0.439216417,0.439216417,0.439216417,0.439216417,0.439216417,0.439216417,0.439216417,0.439216417,0.439216417,0.439216417,0.439216417,0.439216417,0.439216417,0.439216417,0.439216417,0.439216417,0.439216417,0.439216417,0.439216417,0.439216417,0.439216417,0.439216417,0.439216417,0.439216417,0.439216417,0.439216417,0.439216417,0.439216417,0.439216417,0.439216417,0.439216417,0.439216417,0.439216417,0.439216417,0.439216417,0.439216417,0.439216417,0.439216417,0.439216417,0.439216417,0.439216417,0.439216417,0.439216417,0.439216417,0.439216417,0.439216417,0.439216417,0.439216417,0.439216417,0.439216417,0.439216417,0.439216417,0.439216417,0.439216417,0.439216417,0.439216417,0.439216417,0.439216417,0.439216417,0.439216417,0.439216417,0.439216417,0.439216417,0.439216417,0.439216417,0.439216417,0.439216417,0.439216417,0.439216417,0.439216417,0.439216417,0.439216417,0.439216417,0.439216417,0.439216417,0.439216417,0.439216417,0.439216417,0.439216417,0.439216417,0.439216417,0.439216417,0.439216417,0.439216417,0.439216417,0.439216417,0.439216417
CNY,ZCB,PRICE,42,0.430088529,0.430088529,0.430088529,0.430088529,0.430088529,0.430088529,0.430088529,0.430088529,0.430088529,0.430088529,0.430088529,0.430088529,0.430088529,0.430088529,0.430088529,0.430088529,0.430088529,0.430088529,0.430088529,0.430088529,0.430088529,0.430088529,0.430088529,0.430088529,0.430088529,0.430088529,0.430088529,0.430088529,0.430088529,0.430088529,0.430088529,0.430088529,0.430088529,0.430088529,0.430088529,0.430088529,0.430088529,0.430088529,0.430088529,0.430088529,0.430088529,0.430088529,0.430088529,0.430088529,0.430088529,0.430088529,0.430088529,0.430088529,0.430088529,0.430088529,0.430088529,0.430088529,0.430088529,0.430088529,0.430088529,0.430088529,0.430088529,0.430088529,0.430088529,0.430088529,0.430088529,0.430088529,0.430088529,0.430088529,0.430088529,0.430088529,0.430088529,0.430088529,0.430088529,0.430088529,0.430088529,0.430088529,0.430088529,0.430088529,0.430088529,0.430088529,0.430088529,0.430088529,0.430088529,0.430088529,0.430088529,0.430088529,0.430088529,0.430088529,0.430088529,0.430088529,0.430088529,0.430088529,0.430088529,0.430088529,0.430088529,0.430088529,0.430088529,0.430088529,0.430088529,0.430088529,0.430088529,0.430088529,0.430088529,0.430088529,0.430088529,0.430088529,0.430088529,0.430088529,0.430088529,0.430088529,0.430088529,0.430088529,0.430088529,0.430088529,0.430088529,0.430088529,0.430088529,0.430088529,0.430088529,0.430088529,0.430088529,0.430088529,0.430088529,0.430088529,0.430088529
CNY,ZCB,PRICE,43,0.421261799,0.421261799,0.421261799,0.421261799,0.421261799,0.421261799,0.421261799,0.421261799,0.421261799,0.421261799,0.421261799,0.421261799,0.421261799,0.421261799,0.421261799,0.421261799,0.421261799,0.421261799,0.421261799,0.421261799,0.421261799,0.421261799,0.421261799,0.421261799,0.421261799,0.421261799,0.421261799,0.421261799,0.421261799,0.421261799,0.421261799,0.421261799,0.421261799,0.421261799,0.421261799,0.421261799,0.421261799,0.421261799,0.421261799,0.421261799,0.421261799,0.421261799,0.421261799,0.421261799,0.421261799,0.421261799,0.421261799,0.421261799,0.421261799,0.421261799,0.421261799,0.421261799,0.421261799,0.421261799,0.421261799,0.421261799,0.421261799,0.421261799,0.421261799,0.421261799,0.421261799,0.421261799,0.421261799,0.421261799,0.421261799,0.421261799,0.421261799,0.421261799,0.421261799,0.421261799,0.421261799,0.421261799,0.421261799,0.421261799,0.421261799,0.421261799,0.421261799,0.421261799,0.421261799,0.421261799,0.421261799,0.421261799,0.421261799,0.421261799,0.421261799,0.421261799,0.421261799,0.421261799,0.421261799,0.421261799,0.421261799,0.421261799,0.421261799,0.421261799,0.421261799,0.421261799,0.421261799,0.421261799,0.421261799,0.421261799,0.421261799,0.421261799,0.421261799,0.421261799,0.421261799,0.421261799,0.421261799,0.421261799,0.421261799,0.421261799,0.421261799,0.421261799,0.421261799,0.421261799,0.421261799,0.421261799,0.421261799,0.421261799,0.421261799,0.421261799,0.421261799
CNY,ZCB,PRICE,44,0.412713157,0.412713157,0.412713157,0.412713157,0.412713157,0.412713157,0.412713157,0.412713157,0.412713157,0.412713157,0.412713157,0.412713157,0.412713157,0.412713157,0.412713157,0.412713157,0.412713157,0.412713157,0.412713157,0.412713157,0.412713157,0.412713157,0.412713157,0.412713157,0.412713157,0.412713157,0.412713157,0.412713157,0.412713157,0.412713157,0.412713157,0.412713157,0.412713157,0.412713157,0.412713157,0.412713157,0.412713157,0.412713157,0.412713157,0.412713157,0.412713157,0.412713157,0.412713157,0.412713157,0.412713157,0.412713157,0.412713157,0.412713157,0.412713157,0.412713157,0.412713157,0.412713157,0.412713157,0.412713157,0.412713157,0.412713157,0.412713157,0.412713157,0.412713157,0.412713157,0.412713157,0.412713157,0.412713157,0.412713157,0.412713157,0.412713157,0.412713157,0.412713157,0.412713157,0.412713157,0.412713157,0.412713157,0.412713157,0.412713157,0.412713157,0.412713157,0.412713157,0.412713157,0.412713157,0.412713157,0.412713157,0.412713157,0.412713157,0.412713157,0.412713157,0.412713157,0.412713157,0.412713157,0.412713157,0.412713157,0.412713157,0.412713157,0.412713157,0.412713157,0.412713157,0.412713157,0.412713157,0.412713157,0.412713157,0.412713157,0.412713157,0.412713157,0.412713157,0.412713157,0.412713157,0.412713157,0.412713157,0.412713157,0.412713157,0.412713157,0.412713157,0.412713157,0.412713157,0.412713157,0.412713157,0.412713157,0.412713157,0.412713157,0.412713157,0.412713157,0.412713157
CNY,ZCB,PRICE,45,0.404418419,0.404418419,0.404418419,0.404418419,0.404418419,0.404418419,0.404418419,0.404418419,0.404418419,0.404418419,0.404418419,0.404418419,0.404418419,0.404418419,0.404418419,0.404418419,0.404418419,0.404418419,0.404418419,0.404418419,0.404418419,0.404418419,0.404418419,0.404418419,0.404418419,0.404418419,0.404418419,0.404418419,0.404418419,0.404418419,0.404418419,0.404418419,0.404418419,0.404418419,0.404418419,0.404418419,0.404418419,0.404418419,0.404418419,0.404418419,0.404418419,0.404418419,0.404418419,0.404418419,0.404418419,0.404418419,0.404418419,0.404418419,0.404418419,0.404418419,0.404418419,0.404418419,0.404418419,0.404418419,0.404418419,0.404418419,0.404418419,0.404418419,0.404418419,0.404418419,0.404418419,0.404418419,0.404418419,0.404418419,0.404418419,0.404418419,0.404418419,0.404418419,0.404418419,0.404418419,0.404418419,0.404418419,0.404418419,0.404418419,0.404418419,0.404418419,0.404418419,0.404418419,0.404418419,0.404418419,0.404418419,0.404418419,0.404418419,0.404418419,0.404418419,0.404418419,0.404418419,0.404418419,0.404418419,0.404418419,0.404418419,0.404418419,0.404418419,0.404418419,0.404418419,0.404418419,0.404418419,0.404418419,0.404418419,0.404418419,0.404418419,0.404418419,0.404418419,0.404418419,0.404418419,0.404418419,0.404418419,0.404418419,0.404418419,0.404418419,0.404418419,0.404418419,0.404418419,0.404418419,0.404418419,0.404418419,0.404418419,0.404418419,0.404418419,0.404418419,0.404418419
CNY,ZCB,PRICE,46,0.396352394,0.396352394,0.396352394,0.396352394,0.396352394,0.396352394,0.396352394,0.396352394,0.396352394,0.396352394,0.396352394,0.396352394,0.396352394,0.396352394,0.396352394,0.396352394,0.396352394,0.396352394,0.396352394,0.396352394,0.396352394,0.396352394,0.396352394,0.396352394,0.396352394,0.396352394,0.396352394,0.396352394,0.396352394,0.396352394,0.396352394,0.396352394,0.396352394,0.396352394,0.396352394,0.396352394,0.396352394,0.396352394,0.396352394,0.396352394,0.396352394,0.396352394,0.396352394,0.396352394,0.396352394,0.396352394,0.396352394,0.396352394,0.396352394,0.396352394,0.396352394,0.396352394,0.396352394,0.396352394,0.396352394,0.396352394,0.396352394,0.396352394,0.396352394,0.396352394,0.396352394,0.396352394,0.396352394,0.396352394,0.396352394,0.396352394,0.396352394,0.396352394,0.396352394,0.396352394,0.396352394,0.396352394,0.396352394,0.396352394,0.396352394,0.396352394,0.396352394,0.396352394,0.396352394,0.396352394,0.396352394,0.396352394,0.396352394,0.396352394,0.396352394,0.396352394,0.396352394,0.396352394,0.396352394,0.396352394,0.396352394,0.396352394,0.396352394,0.396352394,0.396352394,0.396352394,0.396352394,0.396352394,0.396352394,0.396352394,0.396352394,0.396352394,0.396352394,0.396352394,0.396352394,0.396352394,0.396352394,0.396352394,0.396352394,0.396352394,0.396352394,0.396352394,0.396352394,0.396352394,0.396352394,0.396352394,0.396352394,0.396352394,0.396352394,0.396352394,0.396352394
CNY,ZCB,PRICE,47,0.388488978,0.388488978,0.388488978,0.388488978,0.388488978,0.388488978,0.388488978,0.388488978,0.388488978,0.388488978,0.388488978,0.388488978,0.388488978,0.388488978,0.388488978,0.388488978,0.388488978,0.388488978,0.388488978,0.388488978,0.388488978,0.388488978,0.388488978,0.388488978,0.388488978,0.388488978,0.388488978,0.388488978,0.388488978,0.388488978,0.388488978,0.388488978,0.388488978,0.388488978,0.388488978,0.388488978,0.388488978,0.388488978,0.388488978,0.388488978,0.388488978,0.388488978,0.388488978,0.388488978,0.388488978,0.388488978,0.388488978,0.388488978,0.388488978,0.388488978,0.388488978,0.388488978,0.388488978,0.388488978,0.388488978,0.388488978,0.388488978,0.388488978,0.388488978,0.388488978,0.388488978,0.388488978,0.388488978,0.388488978,0.388488978,0.388488978,0.388488978,0.388488978,0.388488978,0.388488978,0.388488978,0.388488978,0.388488978,0.388488978,0.388488978,0.388488978,0.388488978,0.388488978,0.388488978,0.388488978,0.388488978,0.388488978,0.388488978,0.388488978,0.388488978,0.388488978,0.388488978,0.388488978,0.388488978,0.388488978,0.388488978,0.388488978,0.388488978,0.388488978,0.388488978,0.388488978,0.388488978,0.388488978,0.388488978,0.388488978,0.388488978,0.388488978,0.388488978,0.388488978,0.388488978,0.388488978,0.388488978,0.388488978,0.388488978,0.388488978,0.388488978,0.388488978,0.388488978,0.388488978,0.388488978,0.388488978,0.388488978,0.388488978,0.388488978,0.388488978,0.388488978
CNY,ZCB,PRICE,48,0.380801234,0.380801234,0.380801234,0.380801234,0.380801234,0.380801234,0.380801234,0.380801234,0.380801234,0.380801234,0.380801234,0.380801234,0.380801234,0.380801234,0.380801234,0.380801234,0.380801234,0.380801234,0.380801234,0.380801234,0.380801234,0.380801234,0.380801234,0.380801234,0.380801234,0.380801234,0.380801234,0.380801234,0.380801234,0.380801234,0.380801234,0.380801234,0.380801234,0.380801234,0.380801234,0.380801234,0.380801234,0.380801234,0.380801234,0.380801234,0.380801234,0.380801234,0.380801234,0.380801234,0.380801234,0.380801234,0.380801234,0.380801234,0.380801234,0.380801234,0.380801234,0.380801234,0.380801234,0.380801234,0.380801234,0.380801234,0.380801234,0.380801234,0.380801234,0.380801234,0.380801234,0.380801234,0.380801234,0.380801234,0.380801234,0.380801234,0.380801234,0.380801234,0.380801234,0.380801234,0.380801234,0.380801234,0.380801234,0.380801234,0.380801234,0.380801234,0.380801234,0.380801234,0.380801234,0.380801234,0.380801234,0.380801234,0.380801234,0.380801234,0.380801234,0.380801234,0.380801234,0.380801234,0.380801234,0.380801234,0.380801234,0.380801234,0.380801234,0.380801234,0.380801234,0.380801234,0.380801234,0.380801234,0.380801234,0.380801234,0.380801234,0.380801234,0.380801234,0.380801234,0.380801234,0.380801234,0.380801234,0.380801234,0.380801234,0.380801234,0.380801234,0.380801234,0.380801234,0.380801234,0.380801234,0.380801234,0.380801234,0.380801234,0.380801234,0.380801234,0.380801234
CNY,ZCB,PRICE,49,0.37326148,0.37326148,0.37326148,0.37326148,0.37326148,0.37326148,0.37326148,0.37326148,0.37326148,0.37326148,0.37326148,0.37326148,0.37326148,0.37326148,0.37326148,0.37326148,0.37326148,0.37326148,0.37326148,0.37326148,0.37326148,0.37326148,0.37326148,0.37326148,0.37326148,0.37326148,0.37326148,0.37326148,0.37326148,0.37326148,0.37326148,0.37326148,0.37326148,0.37326148,0.37326148,0.37326148,0.37326148,0.37326148,0.37326148,0.37326148,0.37326148,0.37326148,0.37326148,0.37326148,0.37326148,0.37326148,0.37326148,0.37326148,0.37326148,0.37326148,0.37326148,0.37326148,0.37326148,0.37326148,0.37326148,0.37326148,0.37326148,0.37326148,0.37326148,0.37326148,0.37326148,0.37326148,0.37326148,0.37326148,0.37326148,0.37326148,0.37326148,0.37326148,0.37326148,0.37326148,0.37326148,0.37326148,0.37326148,0.37326148,0.37326148,0.37326148,0.37326148,0.37326148,0.37326148,0.37326148,0.37326148,0.37326148,0.37326148,0.37326148,0.37326148,0.37326148,0.37326148,0.37326148,0.37326148,0.37326148,0.37326148,0.37326148,0.37326148,0.37326148,0.37326148,0.37326148,0.37326148,0.37326148,0.37326148,0.37326148,0.37326148,0.37326148,0.37326148,0.37326148,0.37326148,0.37326148,0.37326148,0.37326148,0.37326148,0.37326148,0.37326148,0.37326148,0.37326148,0.37326148,0.37326148,0.37326148,0.37326148,0.37326148,0.37326148,0.37326148,0.37326148
CNY,ZCB,PRICE,50,0.365841362,0.365841362,0.365841362,0.365841362,0.365841362,0.365841362,0.365841362,0.365841362,0.365841362,0.365841362,0.365841362,0.365841362,0.365841362,0.365841362,0.365841362,0.365841362,0.365841362,0.365841362,0.365841362,0.365841362,0.365841362,0.365841362,0.365841362,0.365841362,0.365841362,0.365841362,0.365841362,0.365841362,0.365841362,0.365841362,0.365841362,0.365841362,0.365841362,0.365841362,0.365841362,0.365841362,0.365841362,0.365841362,0.365841362,0.365841362,0.365841362,0.365841362,0.365841362,0.365841362,0.365841362,0.365841362,0.365841362,0.365841362,0.365841362,0.365841362,0.365841362,0.365841362,0.365841362,0.365841362,0.365841362,0.365841362,0.365841362,0.365841362,0.365841362,0.365841362,0.365841362,0.365841362,0.365841362,0.365841362,0.365841362,0.365841362,0.365841362,0.365841362,0.365841362,0.365841362,0.365841362,0.365841362,0.365841362,0.365841362,0.365841362,0.365841362,0.365841362,0.365841362,0.365841362,0.365841362,0.365841362,0.365841362,0.365841362,0.365841362,0.365841362,0.365841362,0.365841362,0.365841362,0.365841362,0.365841362,0.365841362,0.365841362,0.365841362,0.365841362,0.365841362,0.365841362,0.365841362,0.365841362,0.365841362,0.365841362,0.365841362,0.365841362,0.365841362,0.365841362,0.365841362,0.365841362,0.365841362,0.365841362,0.365841362,0.365841362,0.365841362,0.365841362,0.365841362,0.365841362,0.365841362,0.365841362,0.365841362,0.365841362,0.365841362,0.365841362,0.365841362
CNY,EQUITY,RET_IDX,0,1,1.00643403,1.012909457,1.019426547,1.025985568,1.03258679,1.039230485,1.045916925,1.052646386,1.059419144,1.066235479,1.07309567,1.08,1.086948753,1.093942214,1.100980671,1.108064413,1.115193733,1.122368923,1.129590279,1.136858097,1.144172676,1.151534317,1.158943324,1.1664,1.173904653,1.181457591,1.189059124,1.196709567,1.204409232,1.212158437,1.219957501,1.227806744,1.23570649,1.243657063,1.25165879,1.259712,1.267817025,1.275974198,1.284183854,1.292446332,1.30076197,1.309131112,1.317554101,1.326031284,1.334563009,1.343149628,1.351791493,1.36048896,1.369242387,1.378052134,1.386918563,1.395842038,1.404822928,1.413861601,1.422958429,1.432113787,1.44132805,1.450601598,1.459934812,1.469328077,1.478781778,1.488296304,1.497872048,1.507509401,1.517208762,1.526970529,1.536795104,1.54668289,1.556634294,1.566649726,1.576729597,1.586874323,1.59708432,1.607360009,1.617701811,1.628110154,1.638585463,1.649128172,1.659738712,1.670417521,1.681165037,1.691981704,1.702867965,1.713824269,1.724851066,1.735948809,1.747117956,1.758358966,1.7696723,1.781058425,1.792517809,1.804050922,1.81565824,1.82734024,1.839097402,1.85093021,1.862839151,1.874824714,1.886887393,1.899027683,1.911246084,1.923543099,1.935919234,1.948374996,1.9609109,1.973527459,1.986225194,1.999004627,2.011866283,2.024810691,2.037838384,2.050949898,2.064145771,2.077426547,2.090792772,2.104244996,2.117783771,2.131409656,2.14512321,2.158924997
CNY,EQUITY,RNY_PC,0,0.2,0.2,0.2,0.2,0.2,0.2,0.2,0.2,0.2,0.2,0.2,0.2,0.2,0.2,0.2,0.2,0.2,0.2,0.2,0.2,0.2,0.2,0.2,0.2,0.2,0.2,0.2,0.2,0.2,0.2,0.2,0.2,0.2,0.2,0.2,0.2,0.2,0.2,0.2,0.2,0.2,0.2,0.2,0.2,0.2,0.2,0.2,0.2,0.2,0.2,0.2,0.2,0.2,0.2,0.2,0.2,0.2,0.2,0.2,0.2,0.2,0.2,0.2,0.2,0.2,0.2,0.2,0.2,0.2,0.2,0.2,0.2,0.2,0.2,0.2,0.2,0.2,0.2,0.2,0.2,0.2,0.2,0.2,0.2,0.2,0.2,0.2,0.2,0.2,0.2,0.2,0.2,0.2,0.2,0.2,0.2,0.2,0.2,0.2,0.2,0.2,0.2,0.2,0.2,0.2,0.2,0.2,0.2,0.2,0.2,0.2,0.2,0.2,0.2,0.2,0.2,0.2,0.2,0.2,0.2,0.2
CNY,PE,RET_IDX,0,1,1.00797414,1.016011868,1.024113689,1.032280115,1.040511662,1.048808848,1.057172197,1.065602237,1.074099499,1.082664519,1.091297838,1.1,1.108771554,1.117613055,1.126525058,1.135508127,1.144562828,1.153689733,1.162889417,1.17216246,1.181509449,1.190930971,1.200427622,1.21,1.21964871,1.22937436,1.239177564,1.24905894,1.259019111,1.269058706,1.279178359,1.289378706,1.299660393,1.310024068,1.320470384,1.331,1.341613581,1.352311796,1.36309532,1.373964834,1.384921022,1.395964577,1.407096194,1.418316577,1.429626433,1.441026475,1.452517422,1.4641,1.475774939,1.487542976,1.499404852,1.511361317,1.523413124,1.535561035,1.547805814,1.560148235,1.572589076,1.585129122,1.597769164,1.61051,1.623352433,1.636297273,1.649345337,1.662497449,1.675754437,1.689117138,1.702586395,1.716163058,1.729847984,1.743642034,1.757546081,1.771561,1.785687676,1.799927,1.814279871,1.828747194,1.843329881,1.858028852,1.872845035,1.887779364,1.902832782,1.918006238,1.933300689,1.9487171,1.964256444,1.979919701,1.995707858,2.011621913,2.027662869,2.043831737,2.060129538,2.076557301,2.09311606,2.109806862,2.126630758,2.14358881,2.160682088,2.177911671,2.195278644,2.212784104,2.230429155,2.248214911,2.266142492,2.284213031,2.302427666,2.320787548,2.339293833,2.357947691,2.376750297,2.395702838,2.414806508,2.434062515,2.453472071,2.473036402,2.492756741,2.512634334,2.532670433,2.552866302,2.573223217,2.59374246
CNY,PE,RNY_PC,0,0.3,0.3,0.3,0.3,0.3,0.3,0.3,0.3,0.3,0.3,0.3,0.3,0.3,0.3,0.3,0.3,0.3,0.3,0.3,0.3,0.3,0.3,0.3,0.3,0.3,0.3,0.3,0.3,0.3,0.3,0.3,0.3,0.3,0.3,0.3,0.3,0.3,0.3,0.3,0.3,0.3,0.3,0.3,0.3,0.3,0.3,0.3,0.3,0.3,0.3,0.3,0.3,0.3,0.3,0.3,0.3,0.3,0.3,0.3,0.3,0.3,0.3,0.3,0.3,0.3,0.3,0.3,0.3,0.3,0.3,0.3,0.3,0.3,0.3,0.3,0.3,0.3,0.3,0.3,0.3,0.3,0.3,0.3,0.3,0.3,0.3,0.3,0.3,0.3,0.3,0.3,0.3,0.3,0.3,0.3,0.3,0.3,0.3,0.3,0.3,0.3,0.3,0.3,0.3,0.3,0.3,0.3,0.3,0.3,0.3,0.3,0.3,0.3,0.3,0.3,0.3,0.3,0.3,0.3,0.3,0.3
CNY,RATING_AAA,DEFAULT_PC,0,0.004166667,0.004166667,0.004166667,0.004166667,0.004166667,0.004166667,0.004166667,0.004166667,0.004166667,0.004166667,0.004166667,0.004166667,0.004166667,0.004166667,0.004166667,0.004166667,0.004166667,0.004166667,0.004166667,0.004166667,0.004166667,0.004166667,0.004166667,0.004166667,0.004166667,0.004166667,0.004166667,0.004166667,0.004166667,0.004166667,0.004166667,0.004166667,0.004166667,0.004166667,0.004166667,0.004166667,0.004166667,0.004166667,0.004166667,0.004166667,0.004166667,0.004166667,0.004166667,0.004166667,0.004166667,0.004166667,0.004166667,0.004166667,0.004166667,0.004166667,0.004166667,0.004166667,0.004166667,0.004166667,0.004166667,0.004166667,0.004166667,0.004166667,0.004166667,0.004166667,0.004166667,0.004166667,0.004166667,0.004166667,0.004166667,0.004166667,0.004166667,0.004166667,0.004166667,0.004166667,0.004166667,0.004166667,0.004166667,0.004166667,0.004166667,0.004166667,0.004166667,0.004166667,0.004166667,0.004166667,0.004166667,0.004166667,0.004166667,0.004166667,0.004166667,0.004166667,0.004166667,0.004166667,0.004166667,0.004166667,0.004166667,0.004166667,0.004166667,0.004166667,0.004166667,0.004166667,0.004166667,0.004166667,0.004166667,0.004166667,0.004166667,0.004166667,0.004166667,0.004166667,0.004166667,0.004166667,0.004166667,0.004166667,0.004166667,0.004166667,0.004166667,0.004166667,0.004166667,0.004166667,0.004166667,0.004166667,0.004166667,0.004166667,0.004166667,0.004166667,0.004166667
CNY,RATING_AAA,RECOVERY_PC,0,30,30,30,30,30,30,30,30,30,30,30,30,30,30,30,30,30,30,30,30,30,30,30,30,30,30,30,30,30,30,30,30,30,30,30,30,30,30,30,30,30,30,30,30,30,30,30,30,30,30,30,30,30,30,30,30,30,30,30,30,30,30,30,30,30,30,30,30,30,30,30,30,30,30,30,30,30,30,30,30,30,30,30,30,30,30,30,30,30,30,30,30,30,30,30,30,30,30,30,30,30,30,30,30,30,30,30,30,30,30,30,30,30,30,30,30,30,30,30,30,30
CNY,RATING_AAA,SPOT_MULT_PC,0,0,0,0,0,0,0,0,0,0,0,0,0,0,0,0,0,0,0,0,0,0,0,0,0,0,0,0,0,0,0,0,0,0,0,0,0,0,0,0,0,0,0,0,0,0,0,0,0,0,0,0,0,0,0,0,0,0,0,0,0,0,0,0,0,0,0,0,0,0,0,0,0,0,0,0,0,0,0,0,0,0,0,0,0,0,0,0,0,0,0,0,0,0,0,0,0,0,0,0,0,0,0,0,0,0,0,0,0,0,0,0,0,0,0,0,0,0,0,0,0,0
CNY,RATING_AAA,SPREAD_BP,0,10,10,10,10,10,10,10,10,10,10,10,10,10,10,10,10,10,10,10,10,10,10,10,10,10,10,10,10,10,10,10,10,10,10,10,10,10,10,10,10,10,10,10,10,10,10,10,10,10,10,10,10,10,10,10,10,10,10,10,10,10,10,10,10,10,10,10,10,10,10,10,10,10,10,10,10,10,10,10,10,10,10,10,10,10,10,10,10,10,10,10,10,10,10,10,10,10,10,10,10,10,10,10,10,10,10,10,10,10,10,10,10,10,10,10,10,10,10,10,10,10
CNY,RATING_AA,DEFAULT_PC,0,0.006666667,0.006666667,0.006666667,0.006666667,0.006666667,0.006666667,0.006666667,0.006666667,0.006666667,0.006666667,0.006666667,0.006666667,0.006666667,0.006666667,0.006666667,0.006666667,0.006666667,0.006666667,0.006666667,0.006666667,0.006666667,0.006666667,0.006666667,0.006666667,0.006666667,0.006666667,0.006666667,0.006666667,0.006666667,0.006666667,0.006666667,0.006666667,0.006666667,0.006666667,0.006666667,0.006666667,0.006666667,0.006666667,0.006666667,0.006666667,0.006666667,0.006666667,0.006666667,0.006666667,0.006666667,0.006666667,0.006666667,0.006666667,0.006666667,0.006666667,0.006666667,0.006666667,0.006666667,0.006666667,0.006666667,0.006666667,0.006666667,0.006666667,0.006666667,0.006666667,0.006666667,0.006666667,0.006666667,0.006666667,0.006666667,0.006666667,0.006666667,0.006666667,0.006666667,0.006666667,0.006666667,0.006666667,0.006666667,0.006666667,0.006666667,0.006666667,0.006666667,0.006666667,0.006666667,0.006666667,0.006666667,0.006666667,0.006666667,0.006666667,0.006666667,0.006666667,0.006666667,0.006666667,0.006666667,0.006666667,0.006666667,0.006666667,0.006666667,0.006666667,0.006666667,0.006666667,0.006666667,0.006666667,0.006666667,0.006666667,0.006666667,0.006666667,0.006666667,0.006666667,0.006666667,0.006666667,0.006666667,0.006666667,0.006666667,0.006666667,0.006666667,0.006666667,0.006666667,0.006666667,0.006666667,0.006666667,0.006666667,0.006666667,0.006666667,0.006666667,0.006666667
CNY,RATING_AA,RECOVERY_PC,0,20,20,20,20,20,20,20,20,20,20,20,20,20,20,20,20,20,20,20,20,20,20,20,20,20,20,20,20,20,20,20,20,20,20,20,20,20,20,20,20,20,20,20,20,20,20,20,20,20,20,20,20,20,20,20,20,20,20,20,20,20,20,20,20,20,20,20,20,20,20,20,20,20,20,20,20,20,20,20,20,20,20,20,20,20,20,20,20,20,20,20,20,20,20,20,20,20,20,20,20,20,20,20,20,20,20,20,20,20,20,20,20,20,20,20,20,20,20,20,20,20
CNY,RATING_AA,SPOT_MULT_PC,0,0,0,0,0,0,0,0,0,0,0,0,0,0,0,0,0,0,0,0,0,0,0,0,0,0,0,0,0,0,0,0,0,0,0,0,0,0,0,0,0,0,0,0,0,0,0,0,0,0,0,0,0,0,0,0,0,0,0,0,0,0,0,0,0,0,0,0,0,0,0,0,0,0,0,0,0,0,0,0,0,0,0,0,0,0,0,0,0,0,0,0,0,0,0,0,0,0,0,0,0,0,0,0,0,0,0,0,0,0,0,0,0,0,0,0,0,0,0,0,0,0
CNY,RATING_AA,SPREAD_BP,0,30,30,30,30,30,30,30,30,30,30,30,30,30,30,30,30,30,30,30,30,30,30,30,30,30,30,30,30,30,30,30,30,30,30,30,30,30,30,30,30,30,30,30,30,30,30,30,30,30,30,30,30,30,30,30,30,30,30,30,30,30,30,30,30,30,30,30,30,30,30,30,30,30,30,30,30,30,30,30,30,30,30,30,30,30,30,30,30,30,30,30,30,30,30,30,30,30,30,30,30,30,30,30,30,30,30,30,30,30,30,30,30,30,30,30,30,30,30,30,30,30
