liab_id,var_name,202412,202501,202502,202503,202504,202505,202506,202507,202508,202509,202510,202511,202512,202601,202602,202603,202604,202605,202606,202607,202608,202609,202610,202611,202612
trad_if_prod1,no_pols_if,1,1,1,1,1,1,1,1,1,1,1,1,1,1,1,1,1,1,1,1,1,1,1,1,1
trad_if_prod1,math_res_if,5511073589,5172427646,4527267590,4434989352,4332114240,4223062722,4213163075,4209128633,4206273396,4203119688,4189364259,2104443104,593180031.4,564664327.3,538115430.5,513883153,490959545.3,469290744.9,448817927,429323027.6,410748995.6,393049196.5,376181674.4,360131370.4,348052057.9
trad_if_prod1,surr_val_if,5511073589,5172427646,4527267590,4434989352,4332114240,4223062722,4213163075,4209128633,4206273396,4203119688,4189364259,2104443104,593180031.4,564664327.3,538115430.5,513883153,490959545.3,469290744.9,448817927,429323027.6,410748995.6,393049196.5,376181674.4,360131370.4,348052057.9
trad_if_prod1,sum_assd_if,5511073589,5172427646,4527267590,4434989352,4332114240,4223062722,4213163075,4209128633,4206273396,4203119688,4189364259,2104443104,593180031.4,564664327.3,538115430.5,513883153,490959545.3,469290744.9,448817927,429323027.6,410748995.6,393049196.5,376181674.4,360131370.4,348052057.9
trad_if_prod1,prem_inc,0,0,0,0,0,0,0,0,0,0,0,0,0,0,0,0,0,0,0,0,0,0,0,0,0
trad_if_prod1,comm_out,0,0,0,0,0,0,0,0,0,0,0,0,0,0,0,0,0,0,0,0,0,0,0,0,0
trad_if_prod1,exp_out,0,23246.71713,36173.32526,4926.273662,3764.141746,3917.252656,278.8066874,130.7002763,0,74.39592647,666.5019741,81431.65686,69423.72061,14723.44034,20233.97291,2852.655356,1940.495752,2026.309124,171.8769251,90.88270335,0,38.39312359,353.6252148,44720.84289,41932.83379
trad_if_prod1,death_out,0,1376950.862,1205534.224,1178669.932,1145605.074,1112902.15,1106156.012,1101338.963,1096985.386,1092608.614,1085418.033,523418.7635,171983.4169,164505.7077,158172.7386,150916.2738,144063.5142,137601.8591,131303.0945,125306.869,119599.8411,114176.5351,109048.7917,109552.1734,110571.0672
trad_if_prod1,crben_out,0,0,0,0,0,0,0,0,0,0,0,0,0,0,0,0,0,0,0,0,0,0,0,0,0
trad_if_prod1,ann_out,0,0,0,0,0,0,0,0,0,0,0,0,0,0,0,0,0,0,0,0,0,0,0,0,0
trad_if_prod1,surr_out,0,352056002.8,656781384.5,103807990.9,114105169.7,119971775.4,20794605.06,14887417.99,13668323.57,13925832.98,24456465.03,2089658226,1512378043,29971986.32,27935460.68,25552989.43,24181854.73,22868198.61,21616357.61,20585341.58,19614026.42,18691866.48,17814097.5,16962715.41,12969705.76
trad_if_prod1,mat_out,0,0,0,0,0,0,0,0,0,0,0,0,0,0,0,0,0,0,0,0,0,0,0,0,0
trad_if_prod1,div_out,0,0,0,0,0,0,0,0,0,0,0,0,0,0,0,0,0,0,0,0,0,0,0,0,0
trad_if_prod2,no_pols_if,1,1,1,1,1,1,1,1,1,1,1,1,1,1,1,1,1,1,1,1,1,1,1,1,1
trad_if_prod2,math_res_if,8309379.888,9317279.87,10057799.44,10756782.68,11628390.93,12169013.78,12604413.41,13215615.05,13858476.82,14288712.2,14717888.75,15814811.23,17268116.08,17907429.11,18350753.86,18784161.29,19394150.38,19749622.58,20028081.99,20475990.24,20970296.88,21298569.43,21638881.86,22585260.74,23870248.38
trad_if_prod2,surr_val_if,8309379.888,9317279.87,10057799.44,10756782.68,11628390.93,12169013.78,12604413.41,13215615.05,13858476.82,14288712.2,14717888.75,15814811.23,17268116.08,17907429.11,18350753.86,18784161.29,19394150.38,19749622.58,20028081.99,20475990.24,20970296.88,21298569.43,21638881.86,22585260.74,23870248.38
trad_if_prod2,sum_assd_if,8309379.888,9317279.87,10057799.44,10756782.68,11628390.93,12169013.78,12604413.41,13215615.05,13858476.82,14288712.2,14717888.75,15814811.23,17268116.08,17907429.11,18350753.86,18784161.29,19394150.38,19749622.58,20028081.99,20475990.24,20970296.88,21298569.43,21638881.86,22585260.74,23870248.38
trad_if_prod2,prem_inc,0,927350,613635.5341,596297.1634,873824.2271,468597.0789,343844.7359,614750.576,685657.6431,418507.6398,435182.0965,1409480.609,1951386.486,833811.2988,551506.1861,537078.7135,785501.0747,423761.9122,309072.4093,557094.0321,620935.7531,379166.5475,392390.4134,1288193.378,1788258.548
trad_if_prod2,comm_out,0,23183.75,15340.88835,13895.0617,21710.63412,9240.870409,8258.70241,10443.47547,12465.0535,7517.491266,9530.66028,13880.87477,14199.16773,0,0,0,0,0,0,0,0,0,0,0,0
trad_if_prod2,exp_out,0,15739.6625,9918.975385,9274.155064,11688.71912,6681.677153,5337.016967,9673.078617,10928.2224,6728.64073,6917.097994,21850.27964,31344.4773,14355.50205,9034.853866,8455.678963,10600.96487,6099.788741,4858.47788,8878.611324,10018.17377,6169.642209,6314.51353,20219.65441,29111.99733
trad_if_prod2,death_out,0,1532.127504,1598.011023,1648.46419,1739.409591,1777.103581,1839.488375,1936.510693,2007.354854,2044.717058,2098.563543,2244.246622,2466.267149,2534.543408,2603.659212,2655.108893,2748.047323,2786.376962,2851.880851,2956.052607,3029.52072,3068.365595,3125.1829,3279.125338,3515.568106
trad_if_prod2,crben_out,0,0,0,0,0,0,0,0,0,0,0,0,0,0,0,0,0,0,0,0,0,0,0,0,0
trad_if_prod2,ann_out,0,136375,90240.51971,87359.9203,128459.4545,68102.81991,50455.13568,88794.92492,99303.7751,60582.75758,63556.55271,200297.4293,275666.1517,115807.1248,76598.0814,74453.77478,109078.642,58512.62323,42879.88936,76690.77067,85592.51152,52253.49463,54311.54856,175953.0255,243572.6243
trad_if_prod2,surr_out,0,69331.596,45918.99756,46729.45028,65675.37481,40248.10359,26484.46484,56445.2879,61153.37125,37521.28421,35438.77231,150379.8636,218803.2113,106203.4297,70303.15007,69589.59473,100289.0688,56807.98715,39845.58916,76737.97471,84481.40677,51692.70975,51603.18658,188507.4,267339.3452
trad_if_prod2,mat_out,0,0,0,0,0,0,0,0,0,0,0,0,0,0,0,0,0,0,0,0,0,0,0,0,0
trad_if_prod2,div_out,0,0,0,0,0,0,0,0,0,0,0,0,0,0,0,0,0,0,0,0,0,0,0,0,0
cd1_if_prod1,no_pols_if,1,1,1,1,1,1,1,1,1,1,1,1,1,1,1,1,1,1,1,1,1,1,1,1,1
cd1_if_prod1,math_res_if,676242629.8,676776279.2,677308358.7,677838700.6,678368033.6,677220975.4,673361935.9,658824334.6,641817597.8,596107825.1,517929594,466697265.9,397217972.6,358661728.2,343718314.5,327605807.4,289370598,256057899.5,221122028.2,190474569.3,170808797.1,151350877.1,133620291.1,112888226.9,60167680.69
cd1_if_prod1,surr_val_if,676242629.8,676776279.2,677308358.7,677838700.6,678368033.6,677220975.4,673361935.9,658824334.6,641817597.8,596107825.1,517929594,466697265.9,397217972.6,358661728.2,343718314.5,327605807.4,289370598,256057899.5,221122028.2,190474569.3,170808797.1,151350877.1,133620291.1,112888226.9,60167680.69
cd1_if_prod1,sum_assd_if,676242629.8,676776279.2,677308358.7,677838700.6,678368033.6,677220975.4,673361935.9,658824334.6,641817597.8,596107825.1,517929594,466697265.9,397217972.6,358661728.2,343718314.5,327605807.4,289370598,256057899.5,221122028.2,190474569.3,170808797.1,151350877.1,133620291.1,112888226.9,60167680.69
cd1_if_prod1,prem_inc,0,0,0,0,0,0,0,0,0,0,0,0,0,0,0,0,0,0,0,0,0,0,0,0,0
cd1_if_prod1,comm_out,0,0,0,0,0,0,0,0,0,0,0,0,0,0,0,0,0,0,0,0,0,0,0,0,0
cd1_if_prod1,exp_out,0,27154.25145,9543.233319,12331.63151,21646.75977,21378.94319,19217.85584,16677.66184,11968.50668,12012.91901,10059.47105,10696.54285,26499.45432,6578.125328,2887.658931,3290.723346,1735.349914,2070.016343,1749.936656,899.9615497,381.5923409,401.9515623,715.261623,289.3147336,0
cd1_if_prod1,death_out,0,284751.8184,285025.7232,285566.5859,286440.299,286431.2415,285854.1427,278181.5664,271301.5771,251179.8079,219860.443,198099.1384,170609.4079,154601.4283,148531.1278,140243.9092,124953.8542,110667.672,96316.84673,83048.50626,73810.93899,64128.12026,56148.8807,47526.56814,25107.10797
cd1_if_prod1,crben_out,0,0,0,0,0,0,0,0,0,0,0,0,0,0,0,0,0,0,0,0,0,0,0,0,0
cd1_if_prod1,ann_out,0,0,0,0,0,0,0,0,0,0,0,0,0,0,0,0,0,0,0,0,0,0,0,0,0
cd1_if_prod1,surr_out,0,559417.1917,560313.0819,561207.6093,562100.5269,561591.8841,558814.399,547099.5202,533311.5883,495499.648,430497.7899,387983.888,330171.6662,298183.6376,285923.9233,272674.2793,240908.9619,213234.7194,184180.6835,158690.2562,142365.616,126201.152,111469.2706,94215.12319,50186.8771
cd1_if_prod1,mat_out,0,0,0,0,0,1674102.187,4381288.108,15049346.41,17503625.74,46171384.27,78577784.25,51592351.02,69786079.9,38833109.28,15207515.27,16364782.86,38456624.99,33508275.46,35103949.92,30792058.18,19795793.48,19574069.34,17833339.56,20818540.36,52767062.64
cd1_if_prod1,div_out,0,990513.8453,362496.5844,378840.5737,713156.95,676059.7601,750701.9442,836029.6118,661984.9603,1113486.661,1647045.515,1223027.917,2046472.885,999276.1034,365697.9416,381704.9078,719545.9168,653576.5981,682996.1939,588827.1781,371606.9851,342245.5929,332802.5449,361447.6614,884342.1247
cd2_if_prod1,no_pols_if,1,1,1,1,1,1,1,1,1,1,1,1,1,1,1,1,1,1,1,1,1,1,1,1,1
cd2_if_prod1,math_res_if,202739329.7,205796322.4,207808340.5,210653101.3,214008870.3,216982753.5,219929801.2,223316967.5,226167446.1,228730586,231804842.1,234782975.7,240119610.4,242196448.7,243348303.8,245129433.6,246165041.6,247495275.7,248698343.4,249708104.3,250856954.9,251841120.1,252541344.8,253356520.8,254235410.6
cd2_if_prod1,surr_val_if,202739329.7,205796322.4,207808340.5,210653101.3,214008870.3,216982753.5,219929801.2,223316967.5,226167446.1,228730586,231804842.1,234782975.7,240119610.4,242196448.7,243348303.8,245129433.6,246165041.6,247495275.7,248698343.4,249708104.3,250856954.9,251841120.1,252541344.8,253356520.8,254235410.6
cd2_if_prod1,sum_assd_if,202739329.7,205796322.4,207808340.5,210653101.3,214008870.3,216982753.5,219929801.2,223316967.5,226167446.1,228730586,231804842.1,234782975.7,240119610.4,242196448.7,243348303.8,245129433.6,246165041.6,247495275.7,248698343.4,249708104.3,250856954.9,251841120.1,252541344.8,253356520.8,254235410.6
cd2_if_prod1,prem_inc,0,3607525,2295576.474,3320085.258,3975512.141,3459325.801,3418406.83,3966892.998,3355097.372,3024835.602,3681775.054,3507874.342,6590649.942,2369296.753,1262822.226,2017789.817,1203465.462,1477429.059,1339314.983,1132641.225,1318391.487,1128728.345,836080.6927,896558.4329,1202293.54
cd2_if_prod1,comm_out,0,0,0,0,84.97889727,112.4354554,718.9885261,107.8991565,67.43920513,179.8623817,0,0,0,0,0,0,0,0,0,0,0,0,0,0,0
cd2_if_prod1,exp_out,0,60207.66063,37436.87312,54148.90343,63118.11319,56597.67616,57720.73641,62685.93826,59712.71945,59948.7673,67496.47716,67429.57679,126397.9922,47968.96694,27189.68814,41260.24957,35678.37012,36960.83976,37175.7408,34667.07923,39734.10876,41449.75915,39564.98717,41954.7798,73763.92454
cd2_if_prod1,death_out,0,50671.63403,51200.22064,51870.32346,52873.01194,53770.32487,54598.27368,55623.13433,56501.58346,57418.1443,58547.18175,59494.67671,61230.23988,61831.04579,62189.98249,62655.30413,63161.01234,63658.33136,64106.94074,64559.22031,65065.45838,65662.16282,66286.28143,66755.26659,67528.74192
cd2_if_prod1,crben_out,0,0,0,0,0,0,0,0,0,0,0,0,0,0,0,0,0,0,0,0,0,0,0,0,0
cd2_if_prod1,ann_out,0,154550,157969.3314,144156.4434,219361.6704,149047.9182,154372.8319,176912.7696,188524.4553,206573.8823,254301.8948,199251.9817,398216.798,146667.93,152364.806,136729.4556,211162.5148,141638.5821,147254.4486,169217.4862,181034.116,199665.4936,246648.3749,192716.7397,386213.7378
cd2_if_prod1,surr_out,0,443190.4031,293659.1205,411821.7388,444495.377,427044.9266,411621.1834,460159.1881,425281.7916,398206.4966,451849.3791,450323.7419,734246.904,372557.6701,277512.096,357831.5442,284124.2514,312480.0624,307874.5906,291059.3633,311905.1858,287571.5751,258671.1643,257019.2367,283609.4389
cd2_if_prod1,mat_out,0,0,0,0,0,0,0,0,0,0,0,0,0,0,0,0,0,0,0,0,0,0,0,0,0
cd2_if_prod1,div_out,0,171983.0623,199849.1434,159737.9843,286312.373,175353.0713,187998.4591,226590.3434,250422.8717,301380.074,385608.7031,291706.2697,599654.099,219112.4283,229989.7358,203107.3012,338857.0759,220632.2959,232968.8578,278959.1761,294662.3187,341512.2184,434761.5294,338526.5495,688097.746
trad_nb_prod1,no_pols_if,0,0,1,1,1,1,1,1,1,1,1,1,1,1,1,1,1,1,1,1,1,1,1,1,1
trad_nb_prod1,math_res_if,0,0,44122327.36,79541843.51,106234185.6,141823927.9,168686451.4,195621864.8,222630149.1,249711285,250391856.9,1555201949,2994020583,4958445297,5257077702,5499238021,5684832346,5927767822,6114153354,6300893059,6487992598,6675457322,6692285823,5496686741,4169094482
trad_nb_prod1,surr_val_if,0,0,44122327.36,79541843.51,106234185.6,141823927.9,168686451.4,195621864.8,222630149.1,249711285,250391856.9,1555201949,2994020583,4958445297,5257077702,5499238021,5684832346,5927767822,6114153354,6300893059,6487992598,6675457322,6692285823,5496686741,4169094482
trad_nb_prod1,sum_assd_if,0,0,44122327.36,79541843.51,106234185.6,141823927.9,168686451.4,195621864.8,222630149.1,249711285,250391856.9,1555201949,2994020583,4958445297,5257077702,5499238021,5684832346,5927767822,6114153354,6300893059,6487992598,6675457322,6692285823,5496686741,4169094482
trad_nb_prod1,prem_inc,0,0,43982608.17,35186086.54,26389564.9,35186086.54,26389564.9,26389564.9,26389564.9,26389564.9,0,1300000000,1430000000,1950000000,325000000,260000000,195000000,260000000,195000000,195000000,195000000,195000000,0,0,0
trad_nb_prod1,comm_out,0,0,1011599.988,809279.9904,606959.9927,809279.9904,606959.9927,606959.9927,606959.9927,606959.9927,0,29900000,32890000,44850000,7475000,5980000,4485000,5980000,4485000,4485000,4485000,4485000,0,0,0
trad_nb_prod1,exp_out,0,0,61575.65144,49260.52116,36945.39086,49260.52116,36945.39086,36945.39086,36945.39086,36945.39086,0,1820000,2002000,2730000,456818.0694,365454.4556,274090.8417,365454.4556,274090.8417,274090.8417,274090.8417,274090.8417,0,53736.92883,59110.62171
trad_nb_prod1,death_out,0,0,6558.607309,11804.64896,15738.2939,20983.15397,24915.61749,28847.57483,32779.02607,36709.97127,36705.2461,230554.18,443763.5282,734486.8964,777016.8551,810976.6132,836377.4798,870279.9876,895626.402,920952.1988,946258.3569,971545.8004,971240.7017,798364.1372,607084.065
trad_nb_prod1,crben_out,0,0,0,0,0,0,0,0,0,0,0,0,0,0,0,0,0,0,0,0,0,0,0,0,0
trad_nb_prod1,ann_out,0,0,0,0,0,0,0,0,0,0,0,0,0,0,0,0,0,0,0,0,0,0,0,0,0
trad_nb_prod1,surr_out,0,0,0,0,0,0,0,0,0,0,0,0,0,0,40906562.62,32981055.09,24990693.61,33301572.91,25294049.38,25407370.68,25514620.98,25616124.71,1168251.432,1210186583,1338596311
trad_nb_prod1,mat_out,0,0,0,0,0,0,0,0,0,0,0,0,0,0,0,0,0,0,0,0,0,0,0,0,0
trad_nb_prod1,div_out,0,0,0,0,0,0,0,0,0,0,0,0,0,0,0,0,0,0,0,0,0,0,0,0,0
cd1_nb_prod1,no_pols_if,0,1,1,1,1,1,1,1,1,1,1,1,1,1,1,1,1,1,1,1,1,1,1,1,1
cd1_nb_prod1,math_res_if,0,7935477.798,12712571.56,18292695.86,25470978.3,31473162.01,37487196.26,44703401.62,52727374.13,59973597.59,64059846.49,90995312.57,105294480.1,133370968.1,150816386.2,171160514.4,196826178.8,218077909.2,239569039.3,265117337.5,293596523.8,319244042.3,334938679.9,360444074.5,375170060.3
cd1_nb_prod1,surr_val_if,0,7935477.798,12712571.56,18292695.86,25470978.3,31473162.01,37487196.26,44703401.62,52727374.13,59973597.59,64059846.49,90995312.57,105294480.1,133370968.1,150816386.2,171160514.4,196826178.8,218077909.2,239569039.3,265117337.5,293596523.8,319244042.3,334938679.9,360444074.5,375170060.3
cd1_nb_prod1,sum_assd_if,0,7935477.798,12712571.56,18292695.86,25470978.3,31473162.01,37487196.26,44703401.62,52727374.13,59973597.59,64059846.49,90995312.57,105294480.1,133370968.1,150816386.2,171160514.4,196826178.8,218077909.2,239569039.3,265117337.5,293596523.8,319244042.3,334938679.9,360444074.5,375170060.3
cd1_nb_prod1,prem_inc,0,14262937.54,8557762.523,9984056.276,12836643.79,10697203.15,10697203.15,12836643.79,14262937.54,12836643.79,7131468.769,45829819.38,23295366.04,46600075.42,28480315.74,33117500.7,42178437.14,34466240.1,34683899.97,41312024.06,46382415.55,41960777.27,22108191.42,37992742.82,19275646.98
cd1_nb_prod1,comm_out,0,4588440.793,2753064.476,3211908.555,4129596.714,3441330.594,3441330.594,4129596.714,4588440.793,4129596.714,2294220.396,14175064.18,7512770.316,12099687.17,7551163.774,8748351.841,11023205.23,8802693.482,8924583.01,10538013.91,11977797.64,10901315.71,5382409.661,3027915.989,1583595.649
cd1_nb_prod1,exp_out,0,1732350.741,1039410.445,1212645.519,1559115.667,1299263.056,1299263.056,1559115.667,1732350.741,1559115.667,866175.3705,5591778.31,3087785.974,5038525.486,3190697.155,3687198.427,4611452.93,3622148.667,3692258.057,4332376.716,4968416.096,4541343.54,2135362.78,1903615.741,968274.327
cd1_nb_prod1,death_out,0,664.4665445,1063.115516,1528.192569,2126.141266,2624.392124,3122.619769,3720.494186,4384.787404,4982.60302,5314.604168,7449.427395,8534.340053,10674.10354,11981.93718,13502.66064,15439.27332,17021.124,18613.03845,20509.04103,22638.08673,24564.11849,25577.50365,27262.10999,28114.47751
cd1_nb_prod1,crben_out,0,0,0,0,0,0,0,0,0,0,0,0,0,0,0,0,0,0,0,0,0,0,0,0,0
cd1_nb_prod1,ann_out,0,0,0,0,0,0,0,0,0,0,0,0,0,1887965.355,1132779.213,1321575.748,1699168.819,1415974.016,1415974.016,1699168.819,1887965.355,1699168.819,943982.6774,5570090.794,2883170.76
cd1_nb_prod1,surr_out,0,0,0,0,0,0,0,0,0,0,0,0,0,637318.3083,382390.985,446122.8158,573586.4775,477988.7312,477988.7312,573586.4775,637318.3083,573586.4775,318659.1541,2079425.936,1053673.237
cd1_nb_prod1,mat_out,0,0,0,0,0,0,0,0,0,0,0,0,0,0,0,0,0,0,0,0,0,0,0,0,0
cd1_nb_prod1,div_out,0,0,0,0,0,0,0,0,0,0,0,0,0,0,0,0,0,0,0,0,0,0,0,0,0
